time,open,high,low,close,Volume,Volume MA
1701264600,60.35,60.81,60.26,60.59,106641.45,183439.9595000011
1701266400,60.6,61.62,60.49,61.14,312104.08,195398.9380000011
1701268200,61.13,61.16,59.83,60.12,336026.57,208420.1520000011
1701270000,60.11,60.36,59.11,59.95,438521.59,226599.12950000112
1701271800,59.94,60.25,59.8,60.06,165461.8,231343.7785000011
1701273600,60.06,60.33,59.49,59.67,211066.71,232950.0830000011
1701275400,59.66,59.68,58.88,59.36,188038.34,224984.60200000106
1701277200,59.35,59.53,59.06,59.19,107062.75,219523.12350000106
1701279000,59.19,60.16,59.19,59.86,128889.35,216509.29750000103
1701280800,59.85,59.97,59.57,59.78,83965.18,203473.59250000102
1701282600,59.78,60.1,59.58,60.09,65734.93,188714.39000000103
1701284400,60.09,60.39,59.81,59.83,107134.78,179060.05400000102
1701286200,59.83,60.14,59.71,60.06,136340.09,174045.33700000102
1701288000,60.05,60.23,59.93,60.21,52624.52,167065.26100000102
1701289800,60.22,60.26,59.16,59.29,149649.61,160897.160500001
1701291600,59.29,59.5,58.6,58.9,200766.78,163922.36500000098
1701293400,58.9,59.17,58.78,59.04,89000.4,162589.38550000096
1701295200,59.05,59.45,59.02,59.23,100861.51,159730.84550000096
1701297000,59.24,59.35,59.11,59.16,36725.97,155798.94550000096
1701298800,59.17,59.27,58.85,59.13,78431.06,154752.37350000098
1701300600,59.12,59.45,59.07,59.31,69744.74,152907.53800000096
1701302400,59.31,59.62,58.99,59.39,126444.14,143624.54100000096
1701304200,59.39,59.78,59.19,59.19,83673.8,131006.90250000097
1701306000,59.19,59.43,58.75,59.39,109334.59,114547.55250000097
1701307800,59.39,59.69,59.24,59.28,97466.99,111147.812000001
1701309600,59.28,59.76,59.22,59.75,93283.62,105258.65750000099
1701311400,59.76,60.2,59.76,60.01,139418.22,102827.651500001
1701313200,60,60.23,59.83,60.19,59598.52,100454.44000000099
1701315000,60.19,60.75,60.09,60.42,146909.51,101355.448000001
1701316800,60.42,60.82,60.37,60.61,150149.86,104664.68200000099
1701318600,60.61,60.72,60.28,60.32,87018.21,105728.846000001
1701320400,60.33,60.52,60.05,60.27,52963.55,103020.284500001
1701322200,60.28,60.43,60.07,60.21,45295.44,98468.05200000099
1701324000,60.21,61.25,60.13,60.55,132593.8,102466.516000001
1701325800,60.54,60.73,59.65,60.26,131380.25,101553.048000001
1701327600,60.26,60.45,59.89,60.07,84903.31,95759.874500001
1701329400,60.07,60.27,59.84,60,60638.63,94341.786000001
1701331200,60.01,60.12,59.74,59.86,61921.34,92394.777500001
1701333000,59.86,59.9,59.33,59.49,114301.35,96273.54650000102
1701334800,59.5,59.7,59.24,59.59,108574.1,97780.69850000102
1701336600,59.6,59.76,59.49,59.59,59700.71,97278.497000001
1701338400,59.6,59.94,59.45,59.93,52963.93,93604.48650000102
1701340200,59.94,60.15,59.72,59.72,86523.79,93746.98600000101
1701342000,59.72,60.07,59.58,60,64835.47,91522.030000001
1701343800,60.01,60.94,60.01,60.78,120209.3,92659.145500001
1701345600,60.79,60.96,60.56,60.71,133558.1,94672.869500001
1701347400,60.71,61.7,60.67,61.22,206876.81,98045.79900000102
1701349200,61.21,61.28,60.47,60.65,132935.62,101712.654000001
1701351000,60.64,60.93,59.99,60.31,168360.32,102785.194500001
1701352800,60.31,60.34,59.68,60.01,126504.86,101602.94450000102
1701354600,60.01,60.11,59.52,59.61,150724.65,104788.26650000102
1701356400,59.62,60.01,59.32,59.8,118410.1,108060.59400000102
1701358200,59.81,60,59.15,59.59,129512.75,112271.45950000102
1701360000,59.6,59.62,59.23,59.37,105150.99,110899.31900000104
1701361800,59.37,59.48,59.06,59.11,115481.93,110104.40300000105
1701363600,59.11,59.4,58.96,59.29,94076.23,110563.04900000105
1701365400,59.3,59.48,59.19,59.36,58100.87,110436.16100000106
1701367200,59.36,59.59,59.23,59.58,61719.04,110426.04600000106
1701369000,59.58,59.6,59.23,59.31,47203.21,107071.13900000106
1701370800,59.31,59.63,59.26,59.6,54585.03,104371.68550000105
1701372600,59.59,60,59.57,59.99,89067.22,105840.01100000106
1701374400,59.99,60.05,59.63,59.75,58402.42,106111.93550000107
1701376200,59.76,60.18,59.76,60.02,85057.14,106038.60300000108
1701378000,60.01,60.07,59.75,60.03,55393.06,105566.48250000106
1701379800,60.03,60.12,59.66,59.66,61294.35,102620.73500000106
1701381600,59.67,59.79,59.55,59.67,54912.43,98688.45150000106
1701383400,59.67,59.68,59.24,59.26,46363.6,90662.79100000106
1701385200,59.27,59.3,58.98,59.21,114540.37,89743.02850000106
1701387000,59.21,59.31,59.05,59.3,58770.48,84263.53650000106
1701388800,59.3,59.4,58.69,58.82,122121.21,84044.35400000105
1701390600,58.83,59.05,58.6,58.89,86088.54,80812.54850000105
1701392400,58.89,59.99,58.78,59.96,107837.18,80283.90250000104
1701394200,59.97,60.26,59.65,60.24,169257.77,82271.15350000105
1701396000,60.25,60.88,60,60.67,153198.96,84673.55200000104
1701397800,60.67,61,60.54,60.75,171052.57,87452.08400000105
1701399600,60.74,61.08,60.45,60.81,146490.85,90072.81500000106
1701401400,60.82,60.96,60.64,60.75,94337.78,91884.66050000106
1701403200,60.76,60.97,60.66,60.93,90414.69,93319.44300000105
1701405000,60.92,61.06,60.53,60.7,99797.19,95949.14200000105
1701406800,60.69,60.88,60.63,60.73,51166.8,95778.23050000105
1701408600,60.73,60.75,60.3,60.36,89677.16,95808.72750000106
1701410400,60.35,60.57,60.21,60.51,59036.04,95840.40850000105
1701412200,60.52,60.96,60.5,60.77,83487.07,95761.90500000106
1701414000,60.78,61.3,60.75,61.25,199827.23,102983.61350000105
1701415800,61.25,61.29,60.8,60.86,121277.39,105982.76550000106
1701417600,60.87,61.15,60.86,60.88,79536.41,107213.96450000105
1701419400,60.89,61.08,60.68,61.01,65586.81,108175.12500000105
1701421200,61.02,61.66,61,61.2,199088.76,112402.54450000105
1701423000,61.21,61.84,60.97,61.68,164177,117672.87050000105
1701424800,61.69,61.9,61.2,61.46,177154.38,120424.52900000106
1701426600,61.46,61.51,61.11,61.14,100834.8,121161.84200000104
1701428400,61.13,61.23,60.97,61.09,86753.87,120107.67650000103
1701430200,61.1,61.15,60.81,61.04,83413.46,115815.46100000103
1701432000,61.05,61.2,60.8,60.97,71533.1,111732.16800000104
1701433800,60.97,60.99,60.52,60.61,114064.53,108882.76600000104
1701435600,60.6,60.79,60.45,60.7,62046.66,104660.55650000102
1701437400,60.71,60.8,60.35,60.37,92641.97,104575.76600000102
1701439200,60.38,60.47,60.09,60.35,102216.23,105165.84300000104
1701441000,60.35,60.36,59.82,59.9,145193.68,107435.66750000106
1701442800,59.9,60.14,59.75,59.83,125847.77,111169.71600000106
1701444600,59.84,60.29,59.8,60.12,114407.67,112406.24150000105
1701446400,60.13,60.62,60.01,60.61,144417.76,116675.32750000106
1701448200,60.62,61.66,60.02,60.28,326683.52,128835.15000000107
1701450000,60.27,60.37,59.87,60.21,120185.72,124853.07450000108
1701451800,60.22,60.81,60.11,60.77,163261.83,126952.29650000107
1701453600,60.77,61.05,60.37,60.53,152104.18,130580.68500000107
1701455400,60.53,60.79,60.37,60.43,81442.27,131373.4580000011
1701457200,60.44,60.85,60.23,60.31,106937.92,126765.91600000109
1701459000,60.32,60.57,60.23,60.51,60607.2,121587.4260000011
1701460800,60.52,60.71,60.35,60.39,69566.65,116208.03950000109
1701462600,60.39,60.69,60.18,60.2,84899.12,115411.2555000011
1701464400,60.2,60.48,60.15,60.27,81095.32,115128.3280000011
1701466200,60.28,60.31,60.01,60.05,83194.51,115117.38050000109
1701468000,60.05,60.24,60,60.07,61279.36,114604.69350000107
1701469800,60.08,60.19,60,60.11,36345.52,110718.7430000011
1701471600,60.1,60.19,59.85,59.91,107416.13,112987.21650000107
1701473400,59.92,59.94,59.58,59.75,113491.52,114029.69400000107
1701475200,59.74,59.83,59.67,59.78,65588.51,112198.30800000105
1701477000,59.77,60.16,59.75,60.13,74727.38,108674.99300000104
1701478800,60.13,60.74,60.03,60.68,56932.44,105229.22650000104
1701480600,60.68,60.8,60.32,60.51,97546.47,104386.16650000104
1701482400,60.52,61.15,60.51,61.1,94726.41,101901.59900000104
1701484200,61.09,61.12,60.74,60.94,89424.51,90038.64850000103
1701486000,60.93,61.11,60.84,60.98,78881.06,87973.41550000104
1701487800,60.98,61.09,60.83,61.01,45519.48,82086.29800000103
1701489600,61.02,61.13,60.88,61.08,48119.98,76887.08800000104
1701491400,61.07,61.31,60.8,61.27,80383.85,76834.16700000103
1701493200,61.28,61.56,61.22,61.38,148536.99,78914.12050000104
1701495000,61.37,61.64,61.2,61.6,76797.22,79723.62150000104
1701496800,61.6,61.75,61.39,61.43,95147.61,81002.66950000105
1701498600,61.43,62.06,61.26,62.01,138640.12,83689.71950000105
1701500400,62.01,62.65,61.9,62.12,268819.96,93075.95150000104
1701502200,62.12,62.29,61.92,62.01,120294.96,94930.97400000105
1701504000,62.01,62.13,61.61,61.73,126844.28,98209.22000000105
1701505800,61.73,62.08,61.71,61.89,61938.42,99488.86500000104
1701507600,61.89,62.28,61.75,62.27,118938.94,100065.00550000105
1701509400,62.26,62.48,62.15,62.18,108871.88,99834.02350000103
1701511200,62.18,62.36,61.95,62.07,92990.51,101204.12350000103
1701513000,62.08,62.29,62,62.12,66981.24,100816.81650000103
1701514800,62.13,62.27,61.95,61.99,79229.06,101931.64750000104
1701516600,61.98,62.25,61.85,62.15,67461.16,100427.38200000105
1701518400,62.15,62.35,61.95,62.32,81790.44,99780.58350000104
1701520200,62.34,62.36,62.09,62.24,55954.84,98107.10000000105
1701522000,62.25,62.37,62.1,62.36,96325.55,98979.32450000105
1701523800,62.36,62.56,61.99,62.17,118277.82,102617.24150000105
1701525600,62.17,62.37,61.99,62.16,110226.91,105722.58800000107
1701527400,62.16,62.28,61.45,61.71,145877.33,108997.26200000106
1701529200,61.71,62.1,61.47,62.06,86609.8,105900.90250000106
1701531000,62.07,62.15,61.86,61.89,56770.86,104899.58450000107
1701532800,61.88,62.06,61.86,62.01,37144.6,101999.43400000107
1701534600,62.02,62.02,61.58,61.72,66588.39,98396.84750000107
1701536400,61.72,61.86,61.31,61.63,155647.98,92738.24850000106
1701538200,61.63,61.87,61.63,61.84,37388.3,88592.91550000108
1701540000,61.84,62.29,61.8,62.17,88614.49,86681.42600000107
1701541800,62.18,62.39,61.97,62.1,90518.77,88110.44350000107
1701543600,62.1,63.32,62.06,62.54,344064.21,99366.70700000107
1701545400,62.55,63.05,62.31,62.98,152300.94,101538.16000000108
1701547200,62.98,63.49,62.81,63.08,219345.68,107855.91850000108
1701549000,63.09,63.23,62.91,63.17,91450.5,109079.38150000107
1701550800,63.17,63.21,62.71,62.93,80565.5,109146.20350000107
1701552600,62.92,63.3,62.92,63.18,99439.77,110745.13400000105
1701554400,63.19,63.25,62.73,63.1,101844.01,111747.81250000105
1701556200,63.1,63.2,62.76,62.86,52000.84,111550.11250000105
1701558000,62.87,63.15,62.82,62.99,63719.49,109919.80950000107
1701559800,62.99,63.9,62.97,63.66,162694.3,112140.63350000107
1701561600,63.66,64.04,63.51,63.93,197425.36,116500.55600000106
1701563400,63.93,65.43,63.69,65.24,401194.06,129266.39250000105
1701565200,65.24,65.53,64.64,64.65,208133.83,135342.59400000106
1701567000,64.64,65.23,64.56,65.18,185680.51,141788.07650000107
1701568800,65.18,65.22,64.74,64.75,120095.63,145935.62800000107
1701570600,64.75,65.17,64.73,64.77,100856.36,147649.02650000105
1701572400,64.77,64.9,63.95,64.16,185100.57,149121.65600000106
1701574200,64.17,64.2,63.78,64.09,97989.27,152151.70450000107
1701576000,64.08,64.26,64,64.18,69121.46,151177.05300000106
1701577800,64.17,64.18,63.73,63.89,81593.56,150730.79250000106
1701579600,63.88,64.19,63.6,64.17,87605.74,137907.86900000105
1701581400,64.17,64.3,64,64.15,102709.95,135428.3195000011
1701583200,64.15,64.18,63.88,63.96,44291.79,126675.62500000108
1701585000,63.95,63.97,63.6,63.79,74517.09,125828.95450000107
1701586800,63.79,63.94,63.48,63.92,79233.53,125762.35600000105
1701588600,63.91,64.07,63.71,63.96,71153.21,124348.02800000105
1701590400,63.95,64.13,63.85,63.96,59514.81,122231.56800000106
1701592200,63.95,63.98,63.4,63.51,64114.31,122837.24150000108
1701594000,63.52,63.89,63.48,63.6,48706.58,122086.59600000107
1701595800,63.61,63.64,63.34,63.58,80680.92,117985.92700000107
1701597600,63.57,63.58,63.25,63.5,57218.88,110975.60300000108
1701599400,63.5,63.73,63.3,63.71,54169.94,93624.39700000107
1701601200,63.71,63.72,63.03,63.15,78289.24,87132.16750000106
1701603000,63.16,63.55,63.14,63.52,58397.78,80768.03100000106
1701604800,63.53,63.54,63.24,63.31,55788.38,77552.66850000105
1701606600,63.32,63.35,62.44,62.62,166448.41,80832.27100000104
1701608400,62.61,63.36,62.55,63.26,107239.59,76939.22200000104
1701610200,63.27,63.62,63.08,63.38,103478.82,77213.69950000105
1701612000,63.37,63.61,62.8,63.13,107253.49,79120.30100000105
1701613800,63.12,63.34,62.8,62.81,67267.96,78404.02100000104
1701615600,62.8,62.99,62.52,62.79,98184.88,78932.97800000105
1701617400,62.81,63.24,62.81,62.98,82665.46,77930.75350000105
1701619200,62.99,63.02,62.5,62.79,121244.51,81778.38950000105
1701621000,62.8,63.02,62.72,62.83,38587.29,79981.89950000105
1701622800,62.83,62.87,62.22,62.37,74986.44,79769.54500000105
1701624600,62.37,62.61,62.34,62.53,51101.2,78766.94450000105
1701626400,62.53,62.79,62.47,62.78,38742.24,77728.31600000104
1701628200,62.79,62.82,62.43,62.47,57650.31,77405.11600000104
1701630000,62.46,62.66,62.31,62.61,54029.24,77671.24900000103
1701631800,62.61,62.97,62.6,62.94,42745.35,75774.47050000104
1701633600,62.94,63.13,62.83,63.08,77319.42,76779.49750000105
1701635400,63.08,63.09,62.77,62.99,44882.97,76315.14900000105
1701637200,62.98,63.02,62.78,62.81,36427.36,74222.05500000106
1701639000,62.82,63.06,62.8,62.97,43464.27,73475.37950000106
1701640800,62.98,63.62,62.96,63.26,97983.19,75585.12000000106
1701642600,63.26,64,63.08,63.74,171935.69,75859.48400000106
1701644400,63.75,64.1,62.85,63,178826.86,79438.84750000105
1701646200,63,63.28,62.52,62.98,149150.94,81722.45350000105
1701648000,62.99,63.61,62.92,63.37,121215.75,82420.56650000105
1701649800,63.37,63.78,63.35,63.65,102134.36,84163.88650000106
1701651600,63.64,64.2,63.45,64.1,188402.74,88674.77950000105
1701653400,64.1,64.88,63.95,64.12,288161.49,98949.58100000105
1701655200,64.11,64.2,63.69,64.06,144592.1,100116.96050000106
1701657000,64.06,64.11,63.74,63.96,91740.66,102774.62900000105
1701658800,63.96,64.62,63.89,64.56,138937.31,105972.17250000106
1701660600,64.56,64.6,64.06,64.23,72702.33,107052.22900000105
1701662400,64.22,64.9,64.21,64.74,128796.63,111554.94850000103
1701664200,64.75,65.18,64.62,64.88,152891.01,116316.98350000102
1701666000,64.87,65.18,64.53,64.65,173879.94,122309.51850000101
1701667800,64.65,65.25,64.54,64.82,185729.03,129458.70250000099
1701669600,64.82,65.01,64.5,64.95,102837.58,130734.610500001
1701671400,64.96,65.06,64.31,64.34,109941,133987.51200000098
1701673200,64.34,64.62,63.75,63.95,222866.7,143309.479000001
1701675000,63.95,64.14,63.54,63.69,143106.73,148291.602000001
1701676800,63.69,64.28,63.69,64.16,129231.9,149854.037500001
1701678600,64.15,64.29,63.94,64.18,79553.75,145234.94050000102
1701680400,64.18,64.35,64.05,64.15,76296.82,140108.438500001
1701682200,64.14,64.29,63.05,63.22,217801.38,143540.960500001
1701684000,63.22,63.79,63.21,63.54,146517.03,144806.024500001
1701685800,63.53,63.59,62.86,62.95,235899.62,151494.287500001
1701687600,62.94,63,59.75,61.27,876632.66,185905.783500001
1701689400,61.27,62.21,61.25,62.11,310948.81,187045.14950000102
1701691200,62.11,62.27,61.42,61.59,184274.12,189029.250500001
1701693000,61.59,62.08,61.43,61.81,161793.69,192531.902000001
1701694800,61.81,61.84,60.71,61,260223.91,198596.232000001
1701696600,60.99,61.2,60.32,60.59,217271.75,205824.703000001
1701698400,60.58,60.73,59.94,60.32,250555.99,211912.67100000102
1701700200,60.31,61.59,60.3,61.02,240885.73,216312.40700000105
1701702000,61.03,61.13,60.7,60.75,150931.14,215164.96700000105
1701703800,60.75,60.89,60.32,60.53,138789.79,212818.00500000105
1701705600,60.53,60.9,60.32,60.88,155726.72,215462.46200000105
1701707400,60.87,61.05,60.73,60.92,143463.39,217138.58150000102
1701709200,60.93,61.31,60.65,60.76,111533.25,211571.909000001
1701711000,60.76,60.86,60.6,60.81,36554.44,206244.294500001
1701712800,60.82,60.85,60.44,60.52,97911.04,204678.251500001
1701714600,60.51,60.7,60.34,60.41,111629.95,206282.06150000103
1701716400,60.4,60.88,60.32,60.87,126328.44,208783.64250000103
1701718200,60.87,61.04,60.77,61.04,84710.62,202129.10450000103
1701720000,61.03,61.7,61,61.65,125433.79,201074.94250000105
1701721800,61.64,61.81,61.47,61.65,105416.71,194550.79700000104
1701723600,61.66,61.71,61.29,61.46,73231.98,154380.76300000102
1701725400,61.45,61.67,61.29,61.62,68559.05,142261.275000001
1701727200,61.62,62.1,61.43,61.86,107679.31,138431.53450000103
1701729000,61.86,61.87,60.66,60.93,107827.5,135733.22500000102
1701730800,60.92,61.3,60.77,61.17,94897.48,127466.90350000102
1701732600,61.17,61.64,61.12,61.64,99769.07,121591.76950000101
1701734400,61.63,61.67,61.02,61.5,105603.47,114344.14350000101
1701736200,61.5,62.17,61.37,62.01,127726.5,108686.182000001
1701738000,62.02,62.02,60.73,61.1,174252.74,109852.26200000099
1701739800,61.1,61.13,60.76,61.04,106205.2,108223.03250000099
1701741600,61.05,61.06,59.66,60.14,300641.9,115468.79150000101
1701743400,60.15,60.33,59.93,60.17,111156.45,113853.444500001
1701745200,60.17,60.67,60.09,60.54,88098.18,112681.69100000101
1701747000,60.53,60.7,60.38,60.62,78740.31,114790.98450000102
1701748800,60.62,60.63,60.25,60.33,70084.92,113399.67850000101
1701750600,60.34,60.47,60.16,60.27,70322.8,111334.321000001
1701752400,60.28,60.66,60.01,60.57,126147.33,111325.265500001
1701754200,60.57,60.65,60.28,60.37,95510.89,111865.279000001
1701756000,60.37,60.46,60.13,60.15,101136.35,110650.40700000101
1701757800,60.16,60.16,59.63,59.97,150986.12,112928.87750000102
1701759600,59.97,60.08,59.11,59.5,230447.32,120789.64450000101
1701761400,59.51,59.79,59.11,59.69,149672.69,124845.32650000101
1701763200,59.69,60,59.62,59.74,86609.84,123791.853000001
1701765000,59.74,60.14,59.43,59.92,89000.2,122850.48800000102
1701766800,59.94,60.29,59.87,60.22,80377.65,122124.49650000101
1701768600,60.21,60.28,60.05,60.1,52193.69,119745.72750000101
1701770400,60.1,60.24,60.02,60.08,52824.62,117106.78500000101
1701772200,60.1,60.14,59.79,59.79,86207.76,115030.848000001
1701774000,59.78,60.44,59.59,60.19,135234.44,113079.93300000101
1701775800,60.2,60.23,59.85,60.16,73062.55,111422.80050000099
1701777600,60.16,60.45,59.98,60.29,90252.97,100903.354000001
1701779400,60.28,60.73,60.24,60.49,108990.19,100795.04100000099
1701781200,60.49,60.72,60.18,60.29,97651.9,101272.72700000099
1701783000,60.28,60.48,60.04,60.06,83555.11,101513.467000001
1701784800,60.07,60.74,60.02,60.7,119379.39,103978.19050000099
1701786600,60.7,60.74,60.38,60.49,100590.42,105491.57150000098
1701788400,60.5,60.62,60.18,60.27,89404.13,103654.41150000098
1701790200,60.27,61.64,60.07,60.96,292459.74,113501.85400000098
1701792000,60.95,61,60.38,60.74,169066.94,116898.38350000097
1701793800,60.75,61.04,60.51,60.79,176265.23,118162.33900000097
1701795600,60.79,61.57,60.58,61.25,206821.71,116981.05850000097
1701797400,61.25,61.85,60.6,61.63,243639.83,121679.41550000098
1701799200,61.62,62.6,61.55,61.89,316207.92,133159.31950000097
1701801000,61.89,62.1,61.06,61.3,185889.25,138003.772000001
1701802800,61.29,61.65,60.93,61.37,141944.09,141082.09400000097
1701804600,61.37,61.57,61.06,61.37,90303.51,142987.58500000095
1701806400,61.37,61.63,60.79,60.96,94313.17,145062.01250000094
1701808200,60.95,61.19,60.79,61.09,105312.35,146017.24200000096
1701810000,61.1,61.16,60.82,60.91,74595.2,142985.280000001
1701811800,60.91,61.08,60.8,60.86,84217.9,143543.04750000098
1701813600,60.86,61.02,60.57,60.61,94541.6,143757.47900000098
1701815400,60.6,60.66,60.21,60.44,81290.32,142372.48550000097
1701817200,60.44,61.02,60.33,60.6,128490.1,143914.39550000097
1701819000,60.6,61.03,60.52,61.03,115011.37,145487.208500001
1701820800,61.04,64.1,61.03,63.48,701989.41,174617.709500001
1701822600,63.49,63.53,62.64,63.15,354020.04,187289.19050000102
1701824400,63.15,63.9,62.8,63.56,341545.24,199896.24600000103
1701826200,63.56,64.31,62.82,63.99,266176.98,198582.108000001
1701828000,64,64.17,63,63.06,168583.61,198557.941500001
1701829800,63.05,63.71,62.39,63.6,251443.53,202316.85650000098
1701831600,63.6,63.96,63.33,63.89,156771.59,199814.350500001
1701833400,63.89,64.47,63.36,64.36,378827.49,206573.73350000096
1701835200,64.36,64.66,64.04,64.14,248041.09,203165.39200000098
1701837000,64.13,64.66,63.99,64.32,176065.76,202674.21750000096
1701838800,64.33,64.5,63.43,63.51,208432.52,205998.63900000096
1701840600,63.52,63.53,62.64,63.15,233619.99,213164.46300000098
1701842400,63.15,63.38,62.59,63.19,153690.9,216133.349500001
1701844200,63.18,63.95,63.14,63.37,180613.67,219898.415500001
1701846000,63.37,63.68,62.8,63.16,155341.95,223935.75300000102
1701847800,63.15,63.64,63,63.36,161579.9,227803.853000001
1701849600,63.35,64.27,63.31,64.06,190064.21,232579.98350000102
1701851400,64.05,66.2,63.97,65.97,747978.7,265914.402500001
1701853200,65.97,66.68,65.09,65.13,518510.75,285415.43500000105
1701855000,65.13,65.87,64.93,65.27,233965.22,291363.127500001
1701856800,65.27,65.76,65.06,65.34,239875.3,268257.422000001
1701858600,65.32,65.47,63.46,63.83,406610.45,270886.942500001
1701860400,63.83,64,62,62.91,721689.27,289894.14400000096
1701862200,62.9,63.23,62.23,63.05,331886.68,293179.62900000095
1701864000,63.04,63.55,62.71,62.93,191536.15,294327.2560000009
1701865800,62.94,63.75,62.88,63.36,162813.96,289895.7775000009
1701867600,63.35,63.61,63.02,63.27,164450.37,290279.7165000009
1701869400,63.28,63.48,62.91,63.29,123798.21,277528.25250000093
1701871200,63.28,63.53,63.12,63.42,117893.03,271020.84950000094
1701873000,63.42,63.48,62.67,62.89,170012.78,270718.20050000097
1701874800,62.9,63.25,62.7,62.9,180483.8,269320.764500001
1701876600,62.91,63.1,62.35,62.61,317537.4,273516.635000001
1701878400,62.61,62.91,62.48,62.84,110420.65,271353.122500001
1701880200,62.85,63.36,62.61,63.35,154213.1,270033.094000001
1701882000,63.37,63.79,63.18,63.49,155456.48,270038.82050000096
1701883800,63.5,63.9,63.42,63.62,130956.64,268507.65750000096
1701885600,63.63,63.8,63.21,63.51,105342.8,264271.58700000093
1701887400,63.51,63.58,63.08,63.23,74377.39,230591.5215000009
1701889200,63.23,63.58,63.22,63.56,61656.23,207748.7955000009
1701891000,63.56,64.45,63.48,64.42,130249.38,202563.0035000009
1701892800,64.42,64.6,63.84,63.93,169941.2,199066.2985000009
1701894600,63.94,64.26,63.64,63.65,113293.99,184400.47550000093
1701896400,63.65,64.57,63.64,63.78,152315.92,155931.80800000092
1701898200,63.78,64.22,63.62,63.72,236513.31,151163.13950000092
1701900000,63.71,64.08,63.48,63.56,125296.79,147851.17150000093
1701901800,63.57,63.71,62.22,62.73,137104.38,146565.6925000009
1701903600,62.73,63.08,62.54,62.56,82396.23,142462.9855000009
1701905400,62.56,62.65,61.5,61.85,225751.24,147560.6370000009
1701907200,61.85,62.62,61.64,62.59,157003.8,149516.17550000089
1701909000,62.6,63.16,62.5,63.06,124191.64,147225.1185000009
1701910800,63.06,63.97,62.96,63.27,231351.26,149768.49150000094
1701912600,63.26,63.35,62.54,62.78,118490.37,139816.14000000095
1701914400,62.78,62.97,62.58,62.88,67139.22,137652.06850000095
1701916200,62.88,63.09,62.71,62.81,75836.63,133733.24500000096
1701918000,62.81,62.85,62.33,62.59,59586.02,128939.72200000095
1701919800,62.58,62.96,62.52,62.92,47966.63,124790.22150000095
1701921600,62.92,63.58,62.85,63.49,88341.67,123940.16500000094
1701923400,63.49,63.81,63.24,63.53,93769.58,124909.77450000095
1701925200,63.52,63.73,63.41,63.7,83536.88,126003.80700000093
1701927000,63.7,63.73,63.37,63.44,114461.74,125214.42500000095
1701928800,63.44,63.53,63.09,63.39,69532.71,120194.00050000094
1701930600,63.39,63.49,63.09,63.32,62647.32,117661.66700000092
1701932400,63.32,63.84,63.31,63.51,79469.5,114019.34600000092
1701934200,63.51,63.6,63.29,63.37,51706.73,104779.01700000092
1701936000,63.36,63.82,62.84,63.04,138605.18,105444.43650000093
1701937800,63.03,63.37,62.56,62.69,104321.76,103805.30550000093
1701939600,62.69,63.05,61.78,62.13,322080.34,115789.51100000094
1701941400,62.13,63.87,61.96,63.21,334009.76,121202.43700000094
1701943200,63.2,63.52,62.47,62.85,234678.34,125086.16400000095
1701945000,62.85,63.75,62.77,63.07,296254.59,133689.31150000094
1701946800,63.07,63.72,62.91,63.45,230926.31,133668.06400000092
1701948600,63.46,64.32,63.24,64.18,324746.52,143980.8715000009
1701950400,64.18,64.86,63.62,64.52,438055.46,162526.68350000092
1701952200,64.52,65.09,64.17,64.34,260085.81,171739.14250000092
1701954000,64.34,64.65,63.9,64.11,156500.97,176584.89000000092
1701955800,64.11,64.11,63.61,64,141588.53,181265.98500000092
1701957600,63.99,64.22,63.75,63.99,110527.23,182375.2630000009
1701959400,63.98,64.41,63.79,64.22,106336.79,183003.62350000092
1701961200,64.21,64.9,63.95,64.85,258525.17,191753.03800000093
1701963000,64.84,66.18,64.83,65.81,756870.47,223873.47450000088
1701964800,65.81,66,65.03,65.6,374452.68,239119.47300000087
1701966600,65.6,66.2,65.39,65.98,278031.29,249888.67150000087
1701968400,65.98,67.49,65.25,67.36,514524.81,271641.43700000085
1701970200,67.36,67.45,65.88,66.34,367526.46,287432.42350000085
1701972000,66.34,66.37,65.47,66.04,219271.57,291465.74300000083
1701973800,66.04,66.04,65.44,65.56,144336.76,293466.49300000083
1701975600,65.56,65.83,65.08,65.11,177925.24,286258.7380000009
1701977400,65.11,65.39,64.5,64.77,180209.95,278568.74750000087
1701979200,64.77,65.55,64.7,65.01,201398.7,276904.7655000009
1701981000,65,66.02,64.63,65.99,204980.63,272341.06750000094
1701982800,65.99,67.96,65.77,67.54,512914.36,286440.47000000096
1701984600,67.54,69.12,67.44,68.67,568299.33,298618.110500001
1701986400,68.66,69.37,68.57,68.88,422584.02,297844.538500001
1701988200,68.87,68.88,67.55,67.91,322231.34,300951.815000001
1701990000,67.91,68.06,66.99,67.19,256114.08,305932.47050000104
1701991800,67.18,67.95,66.84,67.74,164637.17,307084.902500001
1701993600,67.74,68.98,67.74,68.6,341589.33,318638.007500001
1701995400,68.6,68.99,68.09,68.61,176563.91,322149.363500001
1701997200,68.61,69.68,68.39,69.05,363426.19,327394.414500001
1701999000,69.04,69.34,68.28,68.63,216197.82,300360.78200000105
1702000800,68.63,69.47,68.55,68.98,216434.72,292459.88400000107
1702002600,68.98,69.79,68.97,69.57,229600.88,290038.363500001
1702004400,69.58,71.23,69.26,70.8,554725.46,292048.39600000106
1702006200,70.79,72.29,70.6,71.47,591247.83,303234.46450000105
1702008000,71.47,72.14,71.04,71.87,303655.4,307453.65600000106
1702009800,71.88,72.77,71.54,71.74,412325.25,320853.0805000011
1702011600,71.74,72.45,71.43,71.55,350836.92,329498.66450000106
1702013400,71.55,71.58,70.83,71.15,224620.2,331719.1770000011
1702015200,71.16,72.05,70.88,72.03,172101.06,330254.29500000103
1702017000,72.03,72.56,71.74,72.37,279730.17,333991.77200000104
1702018800,72.36,72.87,71.55,71.55,304038.36,323547.97200000106
1702020600,71.56,71.99,71.24,71.39,207740.39,305520.025000001
1702022400,71.38,72.21,71.25,71.42,199970.15,294389.3315000011
1702024200,71.41,71.48,70.5,70.55,269953.72,291775.4505000011
1702026000,70.54,71.37,70.45,71.12,167894.92,287364.49250000104
1702027800,71.12,71.52,70.92,71.07,125097.78,285387.5230000011
1702029600,71.07,72.4,71.03,72.11,200850.13,278350.5630000011
1702031400,72.11,72.55,71.8,72.2,178354.43,278440.089000001
1702033200,72.2,72.65,71.92,72.65,136802.83,267108.921000001
1702035000,72.65,73.78,72.4,72.95,388627.98,275730.42900000105
1702036800,72.95,73.52,72.68,73.36,212314.87,275524.43650000106
1702038600,73.36,73.6,73.02,73.18,185879.27,273338.356000001
1702040400,73.17,74.3,72.72,73.46,337885.88,262496.377000001
1702042200,73.45,73.5,72.4,72.67,386980.48,252283.009500001
1702044000,72.68,73.66,72.5,72.83,254250.69,249812.774000001
1702045800,72.82,73.48,72.58,72.88,165077.66,237450.394500001
1702047600,72.89,73.28,72.1,72.17,256801.59,232748.62800000102
1702049400,72.17,72.46,71.7,72.02,220209.31,232528.08350000097
1702051200,72.02,73.28,72.02,72.94,221904.79,235018.270000001
1702053000,72.94,73.35,72.71,72.88,152789.39,228671.231000001
1702054800,72.88,73.36,72.52,73.25,147404.43,220839.53450000094
1702056600,73.24,74.08,72.98,73.62,223119.98,221608.51400000099
1702058400,73.63,73.77,72.04,72.4,369511.44,230085.578500001
1702060200,72.4,73.14,72.2,72.8,146721.48,223923.96650000103
1702062000,72.79,73.02,72,72.17,125911.67,221824.80400000102
1702063800,72.16,72.42,72.09,72.28,123111.32,221725.48100000102
1702065600,72.28,72.84,72.26,72.7,94730.84,216419.51650000102
1702067400,72.7,73.47,72.62,73.38,127160.8,213859.83500000104
1702069200,73.37,73.39,72.71,73.2,157869.39,214913.16300000102
1702071000,73.2,73.32,72.79,73.29,88288.4,199896.184000001
1702072800,73.3,73.5,72.94,73.22,72554.57,192908.16900000098
1702074600,73.23,73.76,73.04,73.53,76792.06,187453.808500001
1702076400,73.53,74,73.03,73.9,148235.03,177971.266000001
1702078200,73.91,75.3,73.74,74.94,406939.178,178969.200900001
1702080000,74.93,75.53,74.24,74.42,312881.4,181900.73640000098
1702081800,74.43,74.69,73.78,73.88,155543.39,181424.02290000097
1702083600,73.89,73.97,72.9,73.31,300446.52,183606.26940000098
1702085400,73.31,73.83,73.08,73.55,144636.61,179827.63440000097
1702087200,73.56,73.86,73.11,73.86,102564.81,173860.635400001
1702089000,73.85,74.16,73.69,73.97,87135.07,170577.91940000097
1702090800,73.96,74.44,73.93,74.4,91473.95,167781.39540000097
1702092600,74.41,74.52,74.06,74.16,72351.83,160242.98790000097
1702094400,74.16,74.37,73.66,73.98,97996.52,146667.24190000098
1702096200,73.98,74.29,73.8,74.17,79823.96,143322.36590000096
1702098000,74.16,74.83,74.15,74.55,223768.09,148215.18690000096
1702099800,74.55,75.3,74.43,74.73,140496.96,149084.46890000097
1702101600,74.72,76.59,74.66,76.2,357490.06,162222.42990000098
1702103400,76.19,76.69,75.82,76.47,205608.36,166144.807900001
1702105200,76.48,77.1,75.83,76.72,315866.83,174044.67990000098
1702107000,76.72,77.78,76.51,76.96,336275.87,186444.053400001
1702108800,76.96,77.39,76.85,77.02,165195.48,191076.098900001
1702110600,77.01,77.16,74.6,75.73,509353.34,212704.16290000099
1702112400,75.74,76.92,75.63,76.43,230787.38,216831.78040000104
1702114200,76.43,76.75,75.42,75.69,215303.18,207249.98050000105
1702116000,75.68,76.55,75.48,75.8,120680.81,197639.95100000105
1702117800,75.79,77.1,75.7,76.84,208599.76,200292.76950000104
1702119600,76.84,77.07,76.32,76.32,134410.14,191990.95050000105
1702121400,76.33,77.5,76.33,77.1,209085.16,195213.37800000107
1702123200,77.1,77.3,76.6,77.01,127833.24,196476.79950000107
1702125000,77,77.46,76.55,76.89,183464.92,201293.2920000011
1702126800,76.89,77,76.19,76.19,199392.98,206689.2435000011
1702128600,76.19,76.47,75.91,76.36,171499.19,211646.6115000011
1702130400,76.37,76.91,76.22,76.85,118633.51,212678.46100000112
1702132200,76.84,76.93,75.13,75.64,335058.4,225440.18300000113
1702134000,75.64,75.94,75.16,75.6,183770.74,223440.31550000113
1702135800,75.59,76.15,75.5,75.57,153309.33,224080.93400000114
1702137600,75.57,75.84,74.09,74.44,235310.24,217971.94300000113
1702139400,74.44,74.91,74.13,74.55,167904.53,216086.75150000112
1702141200,74.56,74.57,73.21,73.62,258119.03,213199.36150000113
1702143000,73.63,73.91,72.8,72.96,164707.82,204620.95900000114
1702144800,72.98,74.2,72.73,74.02,219882.45,207355.30750000113
1702146600,74.02,74.36,74.01,74.17,99749.09,186875.09500000114
1702148400,74.17,74.48,73.9,74.38,80726.37,179372.04450000115
1702150200,74.38,74.45,73.95,74.08,77317.65,172472.76800000115
1702152000,74.09,74.11,73.2,73.29,99431.82,171410.31850000113
1702153800,73.3,73.96,73.06,73.59,111753.63,166568.01200000112
1702155600,73.59,73.71,73.04,73.63,85363.87,164115.69850000113
1702157400,73.63,74.32,73.63,74.03,145844.43,160953.66200000112
1702159200,74.03,74.28,73.55,73.76,136172.8,161370.64000000112
1702161000,73.76,74.05,73.66,73.89,111233.61,157759.0745000011
1702162800,73.9,74.06,72.27,72.59,242101.51,159894.5010000011
1702164600,72.6,72.72,71.5,72.3,283607.66,165499.9245000011
1702166400,72.31,73.16,72.3,73.16,172665.7,168201.53400000112
1702168200,73.17,73.75,72.98,73.66,126508.18,157774.02300000115
1702170000,73.66,73.96,73.07,73.84,118631.09,154517.04050000114
1702171800,73.83,74,73.23,73.29,80204,150861.77400000114
1702173600,73.3,73.41,72.76,72.8,99969.12,144094.71800000113
1702175400,72.81,73.09,72.17,72.52,93153.85,140357.18400000114
1702177200,72.51,72.85,72.43,72.72,70026.42,130952.55350000116
1702179000,72.72,73.16,72.72,73,64439.45,125939.13500000117
1702180800,73,73.28,72.49,73.17,121394.21,121014.72300000116
1702182600,73.17,73.61,73.08,73.29,98653.42,120959.93950000117
1702184400,73.28,73.41,73.04,73.34,59861.14,119916.67800000116
1702186200,73.34,73.59,72.95,73.33,124678.98,122284.74450000116
1702188000,73.32,73.39,73.06,73.18,43031.78,119464.74250000117
1702189800,73.18,73.19,72.54,72.76,109310.57,119342.58950000117
1702191600,72.76,72.79,71.7,72,199500.49,125049.42050000117
1702193400,72,72.57,71.64,72.47,131249.66,124319.68200000116
1702195200,72.48,72.75,71.95,72.13,117791.71,123400.62750000118
1702197000,72.12,72.44,71.8,72.03,175045.98,126591.24600000118
1702198800,72.03,72.34,71.5,71.81,133129.47,121142.64400000118
1702200600,71.81,71.84,70.68,70.7,292554.72,121589.99700000118
1702202400,70.69,71.67,70.67,71.61,211359.69,123524.69650000117
1702204200,71.61,71.85,71.23,71.79,99025.75,122150.57500000116
1702206000,71.8,71.95,71.59,71.72,92455.18,120841.77950000118
1702207800,71.73,71.74,71.4,71.42,79543.55,120808.75700000118
1702209600,71.42,72.36,71.36,72.19,118430.69,121731.83550000117
1702211400,72.2,72.75,71.99,72.66,162074.71,125177.87850000116
1702213200,72.66,72.77,72.18,72.29,117559.45,127554.53000000116
1702215000,72.29,72.86,72.15,72.69,90126.1,128838.86250000117
1702216800,72.69,73.42,72.49,73.34,146247.08,130081.50600000117
1702218600,73.34,73.57,72.98,73.43,137919.83,132044.8265000012
1702220400,73.43,74.64,73.38,74.01,339980.2,146050.77950000117
1702222200,74,74.04,73.55,73.73,144228.47,147028.25400000118
1702224000,73.72,74.1,73.56,73.62,133992.47,151576.28850000122
1702225800,73.62,73.65,73.03,73.1,114536.32,151837.57600000122
1702227600,73.11,73.37,72.52,72.56,106592.84,147192.19350000122
1702229400,72.57,72.74,72.16,72.38,91409.05,145200.1630000012
1702231200,72.38,73.36,72.37,73.35,91397.42,143880.4485000012
1702233000,73.35,73.54,72.95,73.24,78720.32,139064.1655000012
1702234800,73.24,73.46,73.01,73.09,66513.65,135733.37450000117
1702236600,73.08,73.49,72.79,73.47,64271.29,124319.20300000119
1702238400,73.46,74.34,73.3,73.74,153139.38,121408.1875000012
1702240200,73.73,74.41,73.64,74.29,138906.99,123402.24950000117
1702242000,74.29,74.43,73.61,73.77,122627.31,124910.85600000116
1702243800,73.77,74.24,73.53,73.94,116103.76,126738.86650000117
1702245600,73.93,74.6,73.7,74.32,89024.59,125268.56150000116
1702247400,74.33,74.33,73.94,74.18,35645.14,118947.08300000118
1702249200,74.18,74.62,73.42,74.06,141294.36,120133.82850000115
1702251000,74.06,74.89,73.87,74.87,171882.48,124221.64750000116
1702252800,74.88,75,74.04,74.08,152861.84,124552.38550000114
1702254600,74.07,74.5,73.42,73.57,161469.16,125729.85200000115
1702256400,73.58,73.58,72.4,73,220151.52,119738.41800000114
1702258200,72.99,73.43,72.91,72.92,109946.39,118024.31400000113
1702260000,72.93,72.93,64.18,70.09,1233303.05,172989.84300000113
1702261800,70.09,71.56,68.93,70.25,946183.49,214572.20150000113
1702263600,70.25,71.27,70.07,71,398318.9,229158.50450000115
1702265400,71,72.22,70.78,70.88,395850.13,244380.55850000115
1702267200,70.88,71.2,70.1,70.55,297562.59,254688.81700000115
1702269000,70.56,70.65,69.8,70.03,220829.41,261794.27150000114
1702270800,70.02,70.63,69.6,69.68,176242.15,267280.6965000011
1702272600,69.68,70.24,69.15,70.11,255762.28,276855.24600000115
1702274400,70.11,70.13,68.35,68.98,205891.67,279492.8605000012
1702276200,68.98,69.13,67.72,68.86,369836.69,291039.34550000116
1702278000,68.87,69.86,68.83,69.16,254232.24,297619.5920000012
1702279800,69.16,69.35,68.23,68.49,214740.32,302551.4200000012
1702281600,68.5,68.77,67.73,68.32,285710.49,312385.71500000125
1702283400,68.33,69.17,68.14,69.11,206260.72,320916.4940000012
1702285200,69.1,69.54,68.73,69.4,186819.27,323192.7395000012
1702287000,69.41,69.68,69.16,69.46,167668.91,322982.0610000012
1702288800,69.47,69.77,69.12,69.27,185057.71,324591.8545000012
1702290600,69.27,69.62,69.07,69.5,140386.94,323537.7435000012
1702292400,69.5,69.96,69.13,69.33,161990.39,320629.6870000012
1702294200,69.33,69.82,69.16,69.66,106516.96,320458.2155000012
1702296000,69.66,69.85,69.38,69.47,155206.33,266553.37950000126
1702297800,69.47,69.63,68.73,68.93,147655.35,226626.97250000123
1702299600,68.93,69.34,68.59,68.75,110527.96,212237.42550000123
1702301400,68.75,68.84,67.32,67.95,314395.49,208164.69350000127
1702303200,67.95,68.46,67.05,67.43,323624.64,209467.79600000128
1702305000,67.41,68.05,66.92,67.32,321648.4,214508.74550000127
1702306800,67.32,68.37,67.19,67.86,298728.69,220633.07250000126
1702308600,67.86,69.5,67.78,69.26,265916.48,221140.78250000128
1702310400,69.26,69.92,68.21,69.74,379263.74,229809.38600000128
1702312200,69.73,70.88,69.42,70.35,379482.27,230291.66500000126
1702314000,70.35,70.5,69.52,70.21,245389.68,229849.53700000123
1702315800,70.21,70.48,69.56,69.61,191976.02,228711.32200000118
1702317600,69.61,70.23,68.01,68.43,458140.99,237332.84700000117
1702319400,68.44,70.07,67.94,69.8,407838.9,247411.75600000122
1702321200,69.79,70.32,68.96,69.27,274854.97,251813.54100000122
1702323000,69.24,69.49,68.32,69.33,241510.18,255505.6045000012
1702324800,69.32,69.53,67.98,68.33,248431.58,258674.2980000012
1702326600,68.33,69.39,67.74,69.37,178920.18,260600.96000000119
1702328400,69.36,70.39,69.24,69.56,363329.03,270667.8920000012
1702330200,69.56,69.82,69.07,69.36,159465.34,273315.3110000012
1702332000,69.36,69.59,69,69.25,112375.15,271173.7520000012
1702333800,69.25,69.89,69.16,69.73,61146.58,266848.3135000012
1702335600,69.73,70.04,69.41,69.98,112830.68,266963.4495000012
1702337400,69.98,70.6,69.93,70.25,164436.62,259465.50600000122
1702339200,70.24,71.97,70.23,71.67,327272.41,259647.89450000125
1702341000,71.66,71.71,70.88,71.16,132783.52,250204.6505000012
1702342800,71.15,71.68,71.02,71.42,137994.75,242167.95350000117
1702344600,71.42,71.55,70.75,71.33,146246.37,236184.4480000012
1702346400,71.32,72.42,71.17,72.16,202970.8,227369.8010000012
1702348200,72.15,72.17,71.03,71.19,175409.8,217166.1775000012
1702350000,71.18,71.93,71.18,71.69,191794.34,214486.41050000122
1702351800,71.69,71.77,70.97,71.18,99796.03,209877.4110000012
1702353600,71.18,71.33,70.52,70.82,116868.23,192813.77300000118
1702355400,70.82,70.87,69.99,70.04,115136.21,178178.6385000012
1702357200,70.04,70.96,70.02,70.9,136982.16,171284.99800000121
1702359000,70.9,70.93,70.53,70.58,69453.08,162682.1430000012
1702360800,70.57,70.68,69.61,69.76,138390.95,157180.11150000122
1702362600,69.75,70.78,69.74,70.78,95799.6,153024.0825000012
1702364400,70.77,71.35,70.68,71.19,156843.58,142699.81000000122
1702366200,71.18,71.78,70.9,71.77,138923.15,141672.70050000123
1702368000,71.76,71.91,70.97,71.1,164105.54,144259.22000000122
1702369800,71.1,71.79,70.82,71.61,110710.14,146737.39800000124
1702371600,71.6,72,71.15,71.98,193356.73,150763.70050000123
1702373400,71.98,72.2,71.27,71.75,173313.91,151207.56500000122
1702375200,71.75,71.9,71.34,71.35,133348.28,141511.3585000012
1702377000,71.35,71.65,71.29,71.53,87503.96,139247.3805000012
1702378800,71.53,71.64,71.11,71.29,73873.49,136041.31750000123
1702380600,71.29,71.32,70.5,70.61,157959.01,136626.9495000012
1702382400,70.62,70.96,70.23,70.96,144242.73,133690.54600000122
1702384200,70.96,71.13,70.53,70.7,131482.09,131494.16050000122
1702386000,70.7,71.23,70.23,70.55,158814.18,129845.15250000125
1702387800,70.54,71.79,70.42,71.11,266422.25,138176.46350000126
1702389600,71.09,71.21,69.72,70,260450.2,145355.56200000126
1702391400,70.01,70.2,68.83,69.25,276581.32,153427.81750000126
1702393200,69.24,69.44,68.21,68.35,293024.3,161229.92450000125
1702395000,68.34,69.23,68.23,68.46,229053.92,169209.96650000123
1702396800,68.45,68.78,67.82,67.98,328572.28,178719.03300000122
1702398600,67.98,68.13,67.25,67.69,213506.62,184604.3840000012
1702400400,67.7,67.75,66.66,66.76,188882.98,186206.3540000012
1702402200,66.77,67.06,65.9,65.94,253507,191935.54650000122
1702404000,65.93,68.19,65.75,68.08,305017.41,198981.14000000124
1702405800,68.08,68.44,67.57,68.23,182002.82,202545.7740000012
1702407600,68.23,68.27,66.9,67.09,126379.64,199196.9195000012
1702409400,67.09,67.88,66.98,67.62,120630.12,196562.7300000012
1702411200,67.62,67.99,66.93,67.3,121095.1,195950.07100000122
1702413000,67.3,67.89,66.96,67.74,90913.64,196120.55500000124
1702414800,67.75,68.35,67.7,67.96,88718.46,196862.80350000123
1702416600,67.97,68.02,67.01,67.14,96545.95,193792.15050000124
1702418400,67.14,67.67,66.99,67.55,77339.31,190446.97950000124
1702420200,67.54,68.17,67.54,67.74,53102.92,186528.02100000126
1702422000,67.73,68.97,67.68,68.86,173165.14,187245.56900000124
1702423800,68.86,69.09,68.43,68.6,107177.22,179283.31750000126
1702425600,68.6,68.76,68.16,68.61,167392.22,174630.41850000125
1702427400,68.62,68.68,68,68.15,127283.75,167165.54000000126
1702429200,68.15,68.33,66.64,66.77,254672.93,165247.9715000013
1702431000,66.78,67.51,66.34,66.4,259187.09,166754.63000000129
1702432800,66.39,66.97,65.68,66.4,341227.69,167387.40050000127
1702434600,66.39,66.99,66.02,66.98,192737.62,166348.95050000126
1702436400,66.98,67.03,65.79,66.02,134857.01,163647.65200000125
1702438200,66.02,66.41,65.12,65.48,194723.56,160708.48000000126
1702440000,65.51,65.66,65,65.49,215277.29,156221.47400000127
1702441800,65.49,66.28,65.45,66.02,118787.13,153060.68950000126
1702443600,66.03,66.13,65.38,65.89,96922.34,151587.82450000124
1702445400,65.89,66.13,65.57,66,99937.2,150553.17850000126
1702447200,65.99,66.28,65.72,65.92,116222.17,150309.53200000123
1702449000,65.93,66.23,64.23,64.3,323832.68,161955.48400000125
1702450800,64.3,65.45,63.67,65.3,399064.38,177472.78000000125
1702452600,65.31,65.34,64.68,64.89,146384.87,179964.72600000125
1702454400,64.9,65.94,64.79,65.89,161122.49,184153.88500000123
1702456200,65.88,66.42,65.84,66.34,107430.52,186870.26500000124
1702458000,66.34,66.37,65.92,66.21,83037.29,182363.87250000122
1702459800,66.2,66.46,65.75,66.2,96448.22,181827.4225000012
1702461600,66.2,66.26,65.62,65.72,69950.67,176955.3450000012
1702463400,65.71,65.98,65.5,65.85,89586.81,175070.49800000121
1702465200,65.86,66.6,65.86,66.24,123059.33,168489.8180000012
1702467000,66.25,66.32,65.25,65.38,174227.35,164241.83100000123
1702468800,65.37,66.23,65.1,66.14,132446.08,153802.75050000122
1702470600,66.11,66.35,65.78,66.29,80051.29,148168.43400000123
1702472400,66.3,67.29,66.2,67.07,171889.5,150020.0585000012
1702474200,67.08,67.53,66.84,67.06,234163.17,151992.0390000012
1702476000,67.07,67.16,66.41,66.78,167506.09,149603.47900000119
1702477800,66.79,67.1,66.58,66.8,71256.74,147226.95950000122
1702479600,66.81,68.17,66.78,67.64,287401.37,156750.91100000122
1702481400,67.63,67.95,67.47,67.56,114548.63,157481.4825000012
1702483200,67.57,68.03,67.16,67.42,197410.24,161540.8860000012
1702485000,67.41,67.45,66.76,67.12,115034.85,151100.9945000012
1702486800,67.12,67.71,67.01,67.48,80365.7,135166.06050000121
1702488600,67.49,67.68,67.16,67.66,83941.77,132043.90550000122
1702490400,67.66,68.26,67.61,67.71,111618.18,129568.69000000122
1702492200,67.71,68.16,67.6,67.96,95314.6,128962.89400000122
1702494000,67.97,69.09,67.97,68.95,242430.72,136932.56550000125
1702495800,68.95,70.58,68.68,70.35,397060.33,151963.17100000122
1702497600,70.35,71.73,70.09,71.66,440195.08,170475.39150000125
1702499400,71.67,71.79,71.19,71.48,286691.97,180330.64950000122
1702501200,71.48,72,71.36,71.53,168211.29,182588.24750000122
1702503000,71.54,71.94,71.11,71.84,164326.62,182093.21100000123
1702504800,71.86,72.6,71.74,71.82,208832.13,185912.51350000122
1702506600,71.82,71.85,71.22,71.3,97258.53,186772.8755000012
1702508400,71.3,71.6,70.71,71,126945.45,184525.6730000012
1702510200,70.99,71.07,70.38,70.62,103652.5,178000.1395000012
1702512000,70.62,71.05,69.67,69.91,169043.06,178076.98800000123
1702513800,69.92,70.18,69.69,70.04,107257.81,179877.0415000012
1702515600,70.05,70.41,69.66,69.99,107685.03,170891.2245000012
1702517400,69.98,70.14,69.75,70.05,72983.52,168812.9690000012
1702519200,70.04,70.42,69.82,69.9,104548.82,164169.89800000118
1702521000,69.91,70.37,69.7,70.36,65824.97,161709.4040000012
1702522800,70.36,70.58,69.75,69.85,86559.84,162019.11100000117
1702524600,69.86,70.21,69.74,70.08,56642.7,160654.1575000012
1702526400,70.08,70.37,69.85,69.86,56845.37,157915.5170000012
1702528200,69.86,70.1,69.7,69.91,58669.84,156083.27900000117
1702530000,69.91,70.97,69.86,70.93,116169.37,149770.21150000117
1702531800,70.94,71.3,70.66,71.29,139879.54,136911.17200000116
1702533600,71.28,71.94,71.15,71.89,174551.4,123628.98800000115
1702535400,71.88,71.91,71.19,71.62,130530.21,115820.90000000116
1702537200,71.61,71.81,71.22,71.63,95136.56,112167.16350000116
1702539000,71.62,71.93,71.32,71.52,126106.19,110256.14200000116
1702540800,71.52,71.93,71.06,71.7,118644.4,105746.75550000116
1702542600,71.7,71.79,71.11,71.22,87511.11,105259.38450000116
1702544400,71.21,71.83,71.09,71.57,94620.73,103643.14850000116
1702546200,71.58,72.85,71.48,72.59,223152.96,109618.17150000118
1702548000,72.58,72.96,72.12,72.29,155821.31,108957.08400000117
1702549800,72.28,72.61,72.21,72.47,86102.39,107899.31300000117
1702551600,72.48,72.73,72.2,72.47,89248.45,106977.48400000118
1702553400,72.47,73.7,72.26,73.53,218788.82,114267.74900000116
1702555200,73.52,73.87,72.79,73.02,227245.54,120402.58500000117
1702557000,73.01,73.27,72.68,73.08,139102.79,124066.47600000116
1702558800,73.08,73.08,70.63,71.1,286234.95,134050.2315000012
1702560600,71.07,72.52,68.18,72.25,576024.52,160019.32250000117
1702562400,72.24,72.29,70.8,71.92,248529.37,169603.52250000119
1702564200,71.92,72.45,71.24,71.71,162293.81,174784.72100000118
1702566000,71.71,72.26,71.36,71.53,142695.82,176111.04350000116
1702567800,71.54,71.84,71.02,71.65,120433.65,175138.74900000117
1702569600,71.65,74.03,71.64,73.13,459037.39,189363.04850000117
1702571400,73.14,73.82,72.65,73.48,190937.9,192383.43300000118
1702573200,73.49,74.17,73.48,73.84,198235.4,197538.37500000116
1702575000,73.83,74.48,73.55,73.56,232813.56,202873.74350000118
1702576800,73.57,73.98,73.02,73.36,141506.83,204016.86500000118
1702578600,73.35,73.9,72.97,72.99,92623.23,204272.47100000118
1702580400,73,73.51,72.99,73.42,83972.48,203740.05850000118
1702582200,73.43,73.69,73.17,73.28,63988.12,195781.81650000118
1702584000,73.28,73.48,72.71,72.81,85000.28,192240.76500000118
1702585800,72.82,73.14,72.67,73.1,73000.05,191585.64800000115
1702587600,73.1,74.25,72.96,73.9,106121.12,192429.28150000115
1702589400,73.9,74.78,73.55,74.77,151001.17,189039.89900000117
1702591200,74.77,76,74.67,75.14,432601.99,199307.72150000115
1702593000,75.14,76.16,75.14,75.72,220589.91,203382.07750000115
1702594800,75.71,76.23,75.26,76.2,207238.99,199432.27950000117
1702596600,76.19,76.24,75.47,75.68,110036.14,176132.86050000117
1702598400,75.68,75.85,75.19,75.37,145924.34,171002.60900000116
1702600200,75.37,75.38,74.44,74.56,160669.78,170921.40750000114
1702602000,74.56,75.14,74.55,74.95,127948.85,170184.05900000114
1702603800,74.95,75.15,74.59,75.15,90559.05,168690.32900000113
1702605600,75.14,75.71,74.62,74.66,115490.83,151513.00100000115
1702607400,74.67,75.33,74.53,75.24,92156.07,146573.90950000114
1702609200,75.24,75.28,74.2,74.9,110158.6,142170.06950000115
1702611000,74.9,74.96,73.98,74.38,156441.29,138351.45600000114
1702612800,74.38,75.06,74.38,74.82,183227.28,140437.47850000113
1702614600,74.82,75.06,74.57,74.63,88978.94,140255.26400000113
1702616400,74.63,75.64,74.52,75.51,114150.22,141764.15100000115
1702618200,75.5,75.83,74.83,74.83,165772.46,146853.36800000112
1702620000,74.84,76.25,74.73,75.98,218009.81,153503.84450000114
1702621800,75.98,76.16,74.99,75.04,222222.31,160964.95750000115
1702623600,75.04,76.98,74.77,76.73,400029.74,175660.38850000114
1702625400,76.73,77.05,76.15,76.62,231022.73,179661.46650000114
1702627200,76.63,77,76.16,76.29,178041.19,166933.42650000117
1702629000,76.29,76.96,76.22,76.95,119274.07,161867.63450000115
1702630800,76.94,78.1,76.77,77.73,420552.43,172533.30650000114
1702632600,77.72,79.31,77.72,78.5,429285.93,188495.79600000114
1702634400,78.51,78.77,78,78.59,178024.14,190100.78600000116
1702636200,78.59,79.16,78.13,78.55,169601.69,190547.38150000115
1702638000,78.56,79.06,77.97,78.17,195856.69,193942.77350000115
1702639800,78.16,79.18,78.04,79.14,167265.24,197778.08300000118
1702641600,79.13,79.5,77.5,78.11,285958.05,206301.44400000115
1702643400,78.12,78.28,76.78,76.87,209165.77,212151.92900000117
1702645200,76.87,77.25,76.16,76.27,273331.05,220310.55150000117
1702647000,76.27,76.52,75.33,76.17,286569.4,226816.9570000012
1702648800,76.18,76.37,75.23,75.73,167021.68,226006.67700000116
1702650600,75.74,76.55,75.4,76.48,168380.15,229976.73750000115
1702652400,76.48,76.98,75.61,76.01,196938.9,234116.1715000012
1702654200,76.02,76.42,75.22,76.06,185650.47,235110.07200000118
1702656000,76.06,76.35,74.39,75.52,242247.72,236321.9675000012
1702657800,75.52,75.54,73.61,74,225163.68,236469.0360000012
1702659600,74,75.14,73.85,74.95,135652.32,223250.1650000012
1702661400,74.95,75.64,74.89,75.08,140854.79,218741.76800000118
1702663200,75.07,76.56,74.79,76.27,156317.21,217655.56900000115
1702665000,76.26,76.88,76.01,76.5,134027.48,218393.23950000116
1702666800,76.5,76.77,76.15,76.77,101039.79,202417.60750000115
1702668600,76.77,77.49,76.47,76.94,275973.59,194751.99050000115
1702670400,76.94,77.21,76.54,77.02,103159.4,191008.75350000113
1702672200,77.02,77.23,76.5,77.05,93121.21,187184.72950000112
1702674000,77.07,77.1,76.58,76.75,61760.97,180479.94350000116
1702675800,76.74,76.94,76.13,76.39,94605.96,176846.97950000115
1702677600,76.39,76.58,75.38,75.46,177462.35,171422.19450000118
1702679400,75.45,75.91,74.61,74.69,105693.73,166248.59250000116
1702681200,74.69,75.03,72.81,72.97,283881.53,166776.11650000117
1702683000,72.97,73.5,72.13,72.51,249926.56,164943.97450000118
1702684800,72.51,73.92,72.22,72.48,375891.77,175387.47900000116
1702686600,72.49,73.1,71.18,72.92,335623.71,183749.65700000117
1702688400,72.92,73.86,72.77,73.7,189129.71,183359.19750000117
1702690200,73.69,73.9,73.42,73.5,114785.49,179815.94850000116
1702692000,73.51,74,73.44,73.72,71580.85,171282.60500000117
1702693800,73.72,74.08,73.45,74.02,66240.6,163336.45100000117
1702695600,74.03,74.41,73.81,74.18,103259.6,161716.81500000117
1702697400,74.18,74.35,73.82,74.21,77066.34,158527.39250000118
1702699200,74.21,74.26,73.64,73.85,69878.16,154205.44000000117
1702701000,73.85,74.24,73.67,73.88,58363.69,150422.2505000012
1702702800,73.87,74.45,73.8,74.34,116120.83,151176.30250000118
1702704600,74.34,74.59,73.98,74.4,91205.74,141937.9100000012
1702706400,74.4,74.55,73.71,73.92,83239.26,140941.90300000118
1702708200,73.91,74.07,73.67,73.99,57268.54,139149.2695000012
1702710000,73.99,74.3,73.78,74.12,95679.22,140845.1820000012
1702711800,74.13,74.4,74.05,74.38,77557.44,139992.7560000012
1702713600,74.39,74.83,74.2,74.24,85374.64,135388.37050000118
1702715400,74.24,74.31,73.77,73.91,101678.61,135187.6145000012
1702717200,73.92,74.49,73.92,74.21,87195.18,125353.29700000121
1702719000,74.21,74.28,73.77,73.83,61023.15,115908.1265000012
1702720800,73.83,74.25,73.83,73.98,44058.07,99316.44150000121
1702722600,73.99,74.37,73.89,74.28,51850.96,85127.8040000012
1702724400,74.28,74.59,74.08,74.46,65770.57,78959.8470000012
1702726200,74.47,75.15,74.34,75.15,109102.79,78675.71200000121
1702728000,75.14,75.48,74.91,75.23,153809.49,82787.14400000121
1702729800,75.22,76.63,75.13,76.25,251364.29,92043.3285000012
1702731600,76.26,76.55,75.28,75.3,177797.21,95770.2090000012
1702733400,75.31,75.91,74.93,75.66,111730.24,97503.40400000119
1702735200,75.67,75.75,75.01,75.15,59423.41,96980.66650000119
1702737000,75.16,75.44,75.05,75.37,47983.78,96461.6710000012
1702738800,75.38,75.9,75.34,75.69,77820.36,94546.6475000012
1702740600,75.69,77.22,75.69,77.15,255967.51,102784.7360000012
1702742400,77.16,77.17,76.49,76.75,156724.81,106459.0135000012
1702744200,76.76,77.12,76.24,76.38,162436.22,111717.3975000012
1702746000,76.39,76.53,75.97,76.16,120049.33,112935.90300000118
1702747800,76.16,76.7,75.85,75.98,95751.51,113845.60650000119
1702749600,75.98,75.98,75.08,75.2,162706.35,117712.19200000117
1702751400,75.2,75.4,74.42,75.02,111956.07,118226.06500000118
1702753200,75.03,75.33,74.22,74.49,103813.06,119056.95900000117
1702755000,74.5,74.55,73.78,74.16,114577.74,121734.68850000118
1702756800,74.16,74.58,73.86,74.04,87155.81,123889.5755000012
1702758600,74.03,74.16,73.08,73.51,118541.26,127224.09050000118
1702760400,73.52,74.1,73.22,73.84,111859.21,129528.5225000012
1702762200,73.83,74.24,73.38,73.67,101820.07,129164.38650000119
1702764000,73.65,74.23,73.44,74,58950.02,124421.41300000118
1702765800,74.01,74.16,73.58,73.98,55013.02,114603.84950000118
1702767600,73.98,74.09,72.84,73.49,152029.57,113315.46750000116
1702769400,73.49,73.86,73.26,73.72,74854.35,111471.67300000116
1702771200,73.71,74.07,73.67,73.92,69741.27,111987.56600000116
1702773000,73.92,74.12,73.33,73.37,66020.8,112889.41700000115
1702774800,73.37,74,73.11,73.4,124189.37,115207.86750000117
1702776600,73.4,73.43,72.55,73.22,166892.08,110754.09600000115
1702778400,73.22,73.63,73.01,73.51,85844.33,107210.07200000116
1702780200,73.51,73.54,73.06,73.07,54760.41,101826.28150000116
1702782000,73.07,73.53,72.75,73.46,82558.86,99951.75800000117
1702783800,73.46,73.7,73.2,73.51,59519.5,98140.15750000117
1702785600,73.51,74.24,73.51,73.95,87244.78,94367.07900000116
1702787400,73.94,73.99,73.61,73.78,54847.14,91511.63250000114
1702789200,73.77,74.05,73.65,73.72,44063.05,88524.13200000115
1702791000,73.72,73.74,72.36,72.85,143894.02,89989.94600000115
1702792800,72.86,73.28,72.8,72.87,66651.52,88964.73150000114
1702794600,72.87,72.89,72.03,72.83,181275.84,92101.46050000115
1702796400,72.83,73.2,72.52,72.63,74640.48,90240.52400000115
1702798200,72.64,72.83,72.18,72.38,71697.58,88734.39950000115
1702800000,72.38,72.8,71.82,72.64,163881.41,93980.96900000115
1702801800,72.65,73.08,72.27,72.89,65081.53,94484.39450000114
1702803600,72.9,73.32,72.88,73,68954.22,90330.62700000114
1702805400,73,73.2,72.59,73.11,62615.56,89718.68750000114
1702807200,73.12,73.21,72.81,72.9,41217.58,88292.50300000115
1702809000,72.91,72.94,72.55,72.79,35971.91,86790.05850000113
1702810800,72.79,72.86,72.25,72.62,56897.56,83425.46800000113
1702812600,72.62,73.18,72.6,73.08,50296.72,77595.70000000113
1702814400,73.08,73.29,72.49,72.51,84811.52,77544.05950000112
1702816200,72.5,73.05,72.42,72.91,61902.07,77901.14250000114
1702818000,72.91,73.04,71.91,72.24,137336.48,80640.02350000113
1702819800,72.25,72.29,71.44,71.81,162201.42,85774.11950000112
1702821600,71.82,72.39,71.39,71.72,140947.77,88459.26900000112
1702823400,71.73,72.64,71.43,71.99,121052.99,91769.56150000113
1702825200,71.99,72.2,71.57,72.05,74662.65,93299.54150000113
1702827000,72.05,72.73,71.97,72.68,85329.02,90371.29150000113
1702828800,72.68,73.1,72.25,73.07,87149.3,91396.18050000112
1702830600,73.06,74,72.93,73.95,226345.33,93649.65500000112
1702832400,73.95,74.65,73.85,74.18,268304.16,103332.83900000111
1702834200,74.18,74.47,73.83,74.03,202248.07,109860.36350000111
1702836000,74.02,74.62,73.18,73.79,183412.86,110836.93600000112
1702837800,73.8,74.3,73.69,74.03,96784.42,112422.08050000113
1702839600,74.01,75.05,73.96,74.41,127395.98,115344.16850000112
1702841400,74.42,74.48,73.42,73.54,74421.08,115934.44450000112
1702843200,73.55,73.89,73.5,73.85,53122.67,116529.69900000111
1702845000,73.85,74.22,73.75,74,47612.74,117111.74050000112
1702846800,74,74.1,73.68,73.78,55823.9,117058.05750000112
1702848600,73.78,74.09,73.45,73.85,50294.86,117057.9645000011
1702850400,73.86,73.91,73.22,73.3,60556.3,115845.20350000108
1702852200,73.29,73.29,71.97,72.2,130644.14,119282.3070000011
1702854000,72.21,72.42,71.41,71.55,130379.99,118934.48250000112
1702855800,71.55,71.61,70.36,70.87,467144.02,134181.61250000112
1702857600,70.85,71.9,70.7,71.83,113200.54,132794.25100000112
1702859400,71.83,71.97,71.16,71.35,64578.76,129970.53950000109
1702861200,71.36,71.81,71.06,71.28,68922.94,129683.5540000011
1702863000,71.27,71.3,69.72,69.76,258086.63,138321.43450000108
1702864800,69.76,70.26,69.2,69.45,197014.83,143814.71100000112
1702866600,69.45,69.76,68.56,68.94,398387.06,152416.7975000011
1702868400,68.94,69.7,68.68,69.43,153107.81,146656.9800000011
1702870200,69.42,70.01,69.36,69.94,124111.95,142750.1740000011
1702872000,69.94,70.21,69.56,70.08,135117.44,140335.40300000113
1702873800,70.08,70.16,69.82,70.03,116332.2,141312.79200000112
1702875600,70.03,70.17,69.78,70,95113.49,139698.66750000115
1702877400,70,70.1,69.43,69.52,96100.71,140782.64900000114
1702879200,69.52,70.05,69.16,69.97,110156.04,143634.31750000114
1702881000,69.98,70.2,69.86,70.06,80955.61,145301.46100000112
1702882800,70.06,70.08,69.63,69.79,67003.82,145860.45700000113
1702884600,69.79,70.09,68.68,68.94,149563,150823.86400000114
1702886400,68.94,69.62,68.39,69.48,186808.29,157136.46350000115
1702888200,69.47,69.95,69.34,69.71,121853.11,156696.91200000112
1702890000,69.72,69.77,68,68.34,217334.52,161044.6385000011
1702891800,68.33,69.19,68.25,68.64,125162.2,143945.54750000112
1702893600,68.65,68.8,67.3,67.69,280295.55,152300.29800000112
1702895400,67.68,68.27,67,68.07,328031.57,165472.93850000112
1702897200,68.08,68.92,67.93,68.59,212790.71,172666.32700000113
1702899000,68.59,69.04,68.09,69.01,103996.22,164961.80650000114
1702900800,69.02,69.27,68.5,68.98,125331.94,161377.66200000112
1702902600,68.97,69.12,68.24,68.37,68702.37,144893.42750000113
1702904400,68.38,69.64,68.23,69.59,167490.78,145612.5760000011
1702906200,69.59,70.9,69.59,70.53,279374.74,153375.7155000011
1702908000,70.54,71.04,70.16,70.98,156343.23,154437.0050000011
1702909800,70.96,71.85,70.85,71.19,273104.43,162275.6165000011
1702911600,71.2,71.33,70.18,70.41,152225.14,165131.1990000011
1702913400,70.41,71.22,70.4,70.73,109420.15,165797.17100000108
1702915200,70.73,71.72,70.41,71.29,138229.15,167200.82650000107
1702917000,71.29,71.75,71.06,71.71,98088.62,168057.4770000011
1702918800,71.71,72.18,71.4,71.98,101939.76,169804.27400000108
1702920600,71.98,72.17,71.15,71.35,107430.06,167697.62700000108
1702922400,71.37,71.7,71.19,71.42,63599.57,161537.1910000011
1702924200,71.43,72.35,71.37,72.32,89113.58,159900.2145000011
1702926000,72.33,72.69,72.01,72.29,125218.05,155294.39100000108
1702927800,72.29,72.49,72.08,72.34,84104.59,153241.51050000108
1702929600,72.34,72.65,71.66,71.86,118796.32,145166.54900000108
1702931400,71.87,73.23,71.84,72.88,154830.16,136506.47850000107
1702933200,72.88,74.72,72.87,74.61,318081.39,141771.0125000011
1702935000,74.62,75.46,74.42,74.9,277718.19,150457.11100000108
1702936800,74.92,75.01,74.28,74.69,160806.4,152230.83400000108
1702938600,74.7,74.73,74.19,74.54,82195.3,152905.48050000105
1702940400,74.54,74.96,74.23,74.47,99116.94,149486.78850000107
1702942200,74.47,74.58,74.04,74.42,64536.47,138744.8750000011
1702944000,74.41,74.59,73.83,74.17,128626.68,137359.0475000011
1702945800,74.17,75.39,73.98,74.68,165024.87,131955.0695000011
1702947600,74.69,75.33,74.43,74.92,111600.17,129923.82100000109
1702949400,74.92,75.95,74.89,75.81,174762.28,133190.9275000011
1702951200,75.8,76.09,75.45,75.83,185830.79,135571.0095000011
1702953000,75.84,76,75.41,75.44,87726.86,135052.92150000107
1702954800,75.43,75.44,74.85,75.2,123473.86,136129.6265000011
1702956600,75.19,75.64,75.12,75.27,75461.09,134531.17800000106
1702958400,75.27,75.98,75.27,75.38,128831.94,137792.79650000107
1702960200,75.39,75.98,74.97,75.72,137670.17,140220.62600000107
1702962000,75.73,76.17,75.6,76.16,132851.13,140602.28000000108
1702963800,76.15,76.33,75.66,76.07,133859.98,143090.04950000107
1702965600,76.07,76.16,75.27,75.65,99101.45,142105.3060000011
1702967400,75.65,76.05,75.4,75.54,82866.01,138507.09850000107
1702969200,75.54,75.97,75.54,75.86,96684.73,127437.26550000107
1702971000,75.86,76.37,75.5,75.71,144417.4,120772.22600000107
1702972800,75.71,76.11,75.46,75.79,88783.62,117171.08700000108
1702974600,75.8,75.87,75.15,75.17,96485.21,117885.5825000011
1702976400,75.18,75.53,74.88,75.05,122305.04,119044.9875000011
1702978200,75.05,75.15,74.6,74.9,102986.3,120967.47900000107
1702980000,74.91,74.93,74.49,74.88,64188.08,117745.54900000108
1702981800,74.87,75.46,74.78,75.04,100982.43,114543.42700000107
1702983600,75.04,75.08,74.63,74.79,107371.35,114331.98600000108
1702985400,74.78,75.16,74.56,74.63,134266.45,112307.1945000011
1702987200,74.62,74.83,74.46,74.76,68222.67,106426.7885000011
1702989000,74.77,74.89,74.36,74.52,85286.8,106304.78550000109
1702990800,74.51,75.1,74.47,74.73,85119.49,104387.06700000109
1702992600,74.73,75.13,74.6,74.74,58674.15,103547.72000000108
1702994400,74.74,74.95,73.5,74.35,217522.16,107982.23100000108
1702996200,74.34,74.38,72.79,73.13,245234.9,113360.46750000108
1702998000,73.13,74.55,72.8,74.48,192586.82,116347.25200000107
1702999800,74.48,74.52,73.62,73.67,123350.03,115821.75450000106
1703001600,73.68,74.23,73.39,73.49,99429.46,115838.15500000105
1703003400,73.47,73.6,73.1,73.43,90055,116197.60450000106
1703005200,73.44,73.58,72.46,72.66,170179.7,119872.35300000108
1703007000,72.66,73.06,72,72.03,143624.13,119832.68950000107
1703008800,72.03,72.66,71.78,72.61,285582.85,129672.65100000107
1703010600,72.62,73.26,72.52,73.15,111986.96,130447.73850000107
1703012400,73.15,73.4,72.85,73.37,83807.83,128522.87800000107
1703014200,73.35,74.39,73.32,74.26,147825.56,130764.84100000109
1703016000,74.26,75.42,74.11,74.75,207673.57,137939.11550000106
1703017800,74.74,74.75,72.66,72.8,199069.6,142843.47400000106
1703019600,72.8,74.11,72.62,73.72,239131.29,149431.47100000107
1703021400,73.72,73.76,73.18,73.69,98574.02,147646.84950000106
1703023200,73.69,73.71,72.76,72.98,93517.44,148911.58800000107
1703025000,72.99,73.19,72.57,72.83,56581.53,147476.32450000106
1703026800,72.83,73.07,72.3,72.59,87841.11,147612.40550000104
1703028600,72.58,73.1,72.36,73,69771.2,148167.25800000105
1703030400,73,73.57,72.96,73.38,107656.55,142673.97750000103
1703032200,73.38,74.24,73.31,73.9,144774.11,137650.93800000104
1703034000,73.9,74.16,73.73,73.78,73705.36,131706.86500000104
1703035800,73.78,74.27,73.34,73.73,106911.45,130884.93600000106
1703037600,73.73,74.99,73.23,74.83,293569.86,140591.95600000105
1703039400,74.83,75.11,73.54,74.39,282454.96,150211.95400000105
1703041200,74.38,74.89,74.34,74.82,69863.48,145196.14300000103
1703043000,74.82,75.1,74.61,74.92,61521.59,141091.01600000105
1703044800,74.92,75.25,74.6,75.19,95115.8,131567.663500001
1703046600,75.2,75.44,74.88,74.99,106803.48,131308.48950000101
1703048400,74.99,75.02,74.33,74.41,131718.19,133704.00750000103
1703050200,74.42,75.14,74.36,74.99,73003.15,129962.887000001
1703052000,75,76,74.67,75.96,202161.52,129687.28450000103
1703053800,75.97,75.98,75.5,75.68,111302.68,125298.93850000102
1703055600,75.68,76,75.39,75.44,83628.22,117523.78500000104
1703057400,75.41,76.18,75.4,76.07,127174.32,118953.80000000102
1703059200,76.07,76.5,75.5,75.96,224785.66,125517.21100000103
1703061000,75.96,76.76,75.95,76.4,250398.97,135208.08300000106
1703062800,76.4,77.15,76.3,77.02,149549.01,138293.47800000105
1703064600,77.01,78.08,76.71,77.98,391779.1,154393.87300000104
1703066400,78,78.6,77.21,77.35,312464.28,164634.25950000103
1703068200,77.35,77.95,77.03,77.91,165200.74,165655.59100000103
1703070000,77.92,77.95,77.03,77.08,150374.73,169489.05950000105
1703071800,77.07,77.5,76.62,77.07,150630.3,171675.00200000103
1703073600,77.06,77.3,76.34,76.9,140290.68,164011.04300000105
1703075400,76.91,77.17,76.72,77.03,87112.31,154243.91050000105
1703077200,77.04,78.3,77.03,78.2,214145.84,161458.02850000103
1703079000,78.21,79.3,77.78,79.26,434263.01,180095.09950000103
1703080800,79.26,79.35,78.44,79.34,231726.62,186925.64050000106
1703082600,79.34,79.45,78.6,78.97,234503.28,193310.63050000105
1703084400,78.97,81.25,78.7,80.59,694409.42,221445.19200000106
1703086200,80.58,80.84,79.84,80.68,238590.13,229724.54100000105
1703088000,80.68,81.1,79.36,79.5,315964.58,235414.69400000107
1703089800,79.5,80.69,79.04,80.52,243383.73,242018.7465000011
1703091600,80.52,81.86,80.08,81.59,570869.72,266380.8215000011
1703093400,81.6,83.83,81.31,83.19,517171.12,285880.6615000011
1703095200,83.19,84.14,82,82.18,501000.26,299691.3915000011
1703097000,82.17,83.43,82.17,82.88,212115.7,297777.2280000011
1703098800,82.91,83.18,82.12,82.17,170513.89,298825.4720000011
1703100600,82.18,82.47,81.01,81.07,231045.92,290788.81300000113
1703102400,81.07,81.36,79.25,80.48,424957.27,296413.46250000113
1703104200,80.48,81,79.55,79.78,218749.35,299090.8930000011
1703106000,79.77,81.5,79.72,81.21,231102.69,303127.2910000011
1703107800,81.2,81.2,79.39,79.95,171361.58,304163.8550000011
1703109600,79.96,82,79.68,81.77,399251.04,317111.8730000011
1703111400,81.77,82.2,81.16,81.63,124556.87,318984.10100000113
1703113200,81.63,81.94,81.16,81.68,101032.33,313328.4255000012
1703115000,81.67,82.46,81.48,82.21,126629.44,297946.7470000012
1703116800,82.22,82.45,81.38,82.21,137962.61,293258.5465000012
1703118600,82.21,83.41,82.09,82.95,218582.16,292462.4905000012
1703120400,82.95,83.03,81.03,82.24,235405.87,269512.3130000012
1703122200,82.24,82.92,81.95,82.79,139008.1,264533.2115000012
1703124000,82.79,84.69,81.87,82.96,360282.11,266749.0880000012
1703125800,82.97,84.1,82,83.09,298507.62,269505.2825000012
1703127600,83.08,83.83,82.78,83.2,157935.98,248858.59550000122
1703129400,83.2,83.52,82.56,83.38,113366.99,228668.38900000122
1703131200,83.38,84.09,83.03,83.67,170698.14,212153.28300000122
1703133000,83.67,84.86,83.61,84.83,204908.17,211792.9065000012
1703134800,84.83,85,84.21,84.31,238484,215191.41200000123
1703136600,84.31,84.53,83.52,83.97,159870.83,211632.65750000122
1703138400,83.97,84.9,83.75,84.75,129525.82,196861.0850000012
1703140200,84.73,86.8,84.72,86.62,363202.35,204083.7350000012
1703142000,86.62,86.63,85.81,86.23,262661.06,205661.65350000124
1703143800,86.23,87.14,85.94,86.83,252766.02,209731.8755000012
1703145600,86.84,87.35,86.52,86.71,306659.92,205102.3195000012
1703147400,86.72,87.08,85.9,86,218602.64,209804.60800000117
1703149200,86.01,86.54,85.44,85.66,176665.57,213586.27000000118
1703151000,85.66,86.42,85.13,86.32,175408,216025.19800000117
1703152800,86.32,87.78,86.13,87.65,249343.88,221594.2615000012
1703154600,87.64,88.42,87.39,87.46,327683.77,227049.3420000012
1703156400,87.46,87.8,86.72,87.27,286553.93,229606.7450000012
1703158200,87.27,87.74,86.89,87.01,131873.5,229250.0150000012
1703160000,87.01,88.15,87,87.41,187474.88,220609.65350000118
1703161800,87.41,87.56,86.31,86.63,158194.18,213593.98150000116
1703163600,86.64,87.29,86.29,87,158477.81,213621.07300000117
1703165400,87.01,87.94,86.99,87.79,146627.59,215284.10300000114
1703167200,87.79,88.71,85.79,85.96,428016.75,228150.03350000113
1703169000,85.96,86.93,85.8,86.2,235262.2,229667.73500000112
1703170800,86.2,87.8,85.6,87.58,271037.84,231295.42700000113
1703172600,87.57,87.69,86.98,87.5,175865.43,232095.1570000011
1703174400,87.5,89.8,87.48,88.59,450724.5,248155.0910000011
1703176200,88.6,89.56,88.46,89.38,274311.39,243710.54300000108
1703178000,89.38,92.81,88.49,92.14,505015.69,255828.27450000113
1703179800,92.14,95.35,91.99,92.5,855426.62,285961.30450000113
1703181600,92.51,94.31,92.5,94.21,351631.96,288209.90650000115
1703183400,94.2,94.49,91.02,91.69,394807.37,297020.1430000012
1703185200,91.69,93.13,91.5,91.81,299025.26,303138.12750000117
1703187000,91.83,92.98,91.7,92.89,214508.03,305093.1290000012
1703188800,92.88,93.45,92.47,93.35,202548.83,302753.3765000012
1703190600,93.33,93.84,92.36,93.08,219049.86,297321.6810000012
1703192400,93.07,93.1,91.73,91.96,161982.13,291093.09100000124
1703194200,91.96,92.08,91.22,92.02,186589.56,293828.8940000012
1703196000,92.03,93.69,91.76,93.58,167184.75,292814.38750000123
1703197800,93.58,95.05,93.06,94.57,275852.67,298697.3120000012
1703199600,94.58,95.54,93.48,94.08,313010.29,306423.93600000127
1703201400,94.08,94.25,93.51,93.84,181059.72,308145.54250000126
1703203200,93.86,94.54,93.06,94.32,223438.03,297916.6065000013
1703205000,94.33,95.63,93.56,93.92,299618.96,301134.44450000126
1703206800,93.92,96.73,93.91,96,327417.35,303953.4200000012
1703208600,96,98.83,95.98,97.8,521309.92,321225.6445000012
1703210400,97.81,99.42,97.49,97.52,420543.85,319716.61200000125
1703212200,97.51,99.5,97.48,98.84,303003.31,321151.2080000012
1703214000,98.84,99.16,96.59,96.93,367902.18,314295.5325000012
1703215800,96.93,97.82,96.56,97.77,251842.21,284116.3120000012
1703217600,97.78,98.44,97.26,98.17,198536.84,276461.55600000115
1703219400,98.17,98.92,97.66,98.75,220191.38,267730.7565000012
1703221200,98.75,99.28,97.57,99.04,240607.4,264809.8635000012
1703223000,99.02,99.1,98.18,98.72,169748.15,262571.8695000012
1703224800,98.73,98.9,97.24,97.74,189904.13,261939.63450000118
1703226600,97.74,97.74,94.1,94.6,588757.1,280424.9965000012
1703228400,94.6,95.17,92.63,93.44,492991.22,296975.45100000117
1703230200,93.44,93.79,92.21,93.78,424308.93,308861.4195000011
1703232000,93.78,95.23,93.55,93.92,380176.57,319511.01050000114
1703233800,93.93,94.53,92.43,92.85,259832.31,318709.99250000116
1703235600,92.86,93.2,90.34,90.79,497670.1,327942.9830000011
1703237400,90.8,92.36,90.8,92.24,289318.46,333355.92000000115
1703239200,92.24,93.3,91.72,93.07,252323.38,334800.1875000011
1703241000,93.06,93.57,92.21,92.53,202496.69,329944.0740000011
1703242800,92.53,93.96,92.09,93.59,240296.41,325588.02700000117
1703244600,93.58,93.92,93.14,93.78,135367.52,306290.90700000117
1703246400,93.79,94.39,92.5,93.55,228592.23,296693.32600000117
1703248200,93.56,94.92,93.31,94.28,248231.68,293954.7445000012
1703250000,94.27,94.73,93.7,93.71,135022.36,282310.7535000012
1703251800,93.7,94.77,92.99,94.24,176950.54,278566.1700000012
1703253600,94.23,94.47,92,92.23,240322.15,280655.43550000124
1703255400,92.22,94.27,92.15,94.04,223381.53,280814.94300000125
1703257200,94.04,94.87,93.7,94.81,209434.46,279256.29600000125
1703259000,94.81,96.8,94.27,96.31,324218.06,286979.7915000012
1703260800,96.31,96.73,95.06,95.44,230628.3,289016.0000000012
1703262600,95.44,95.62,93.34,93.93,216168.03,270386.5465000012
1703264400,93.92,95.17,93.92,94.99,130264.39,252250.20500000124
1703266200,94.98,95.57,94.43,95.26,117893.06,236929.41150000124
1703268000,95.26,96.86,95.04,96.49,180788.89,226960.0275000012
1703269800,96.5,97.38,95.95,97.07,395758.55,233756.33950000122
1703271600,97.07,97.63,96.17,97.22,242677.61,221006.7150000012
1703273400,97.21,97.45,95.68,96.91,206978.91,216889.7375000012
1703275200,96.91,97.55,96.06,96.48,163367.6,212441.9485000012
1703277000,96.48,97.31,95.8,96.46,163185.6,210476.3940000012
1703278800,96.45,97.81,96.26,97.4,123726.05,204647.87600000118
1703280600,97.39,97.4,96.33,96.58,84535.39,202106.2695000012
1703282400,96.58,96.93,96.27,96.56,104451.84,195899.2500000012
1703284200,96.56,97.18,96.48,97.06,77040.7,187339.7010000012
1703286000,97.07,98.19,96.31,98.18,144917.68,187834.4670000012
1703287800,98.17,98.42,97.61,97.9,108983.55,184436.1175000012
1703289600,97.91,98.22,96.03,96.46,138089.67,179324.4935000012
1703291400,96.47,96.9,95.21,95.5,173851.68,176848.0010000012
1703293200,95.51,95.95,94.33,94.72,179408.19,175346.68750000122
1703295000,94.73,95.65,93.71,93.91,225587.68,170415.16850000122
1703296800,93.92,94.66,93.74,94.65,120896.57,164928.58200000122
1703298600,94.66,95.23,94.05,94.36,126146.65,160427.51300000123
1703300400,94.37,95.36,94.2,94.79,79879.17,157908.2520000012
1703302200,94.79,94.95,93.33,93.73,98656.48,156946.4230000012
1703304000,93.72,94.21,92.8,94.16,157218.16,155767.88650000122
1703305800,94.16,94.62,93.71,94.54,60723.64,139016.14100000123
1703307600,94.55,94.81,94.25,94.58,60780.23,129921.27200000123
1703309400,94.57,95.4,94.57,95.31,73046.82,123224.66750000122
1703311200,95.32,95.9,94.9,95.61,72060.21,118659.2980000012
1703313000,95.61,96.3,95.57,96.22,91743.97,115087.21650000122
1703314800,96.22,96.52,95.6,95.96,103911.44,114096.48600000123
1703316600,95.96,96,95.13,95.36,81389.25,113939.17900000121
1703318400,95.35,96.19,95.34,95.55,95252.87,113479.23050000123
1703320200,95.56,96.39,95.32,96.31,64000.55,112827.2230000012
1703322000,96.3,96.4,95.68,96.08,81065.71,109634.6245000012
1703323800,96.08,96.11,95.42,95.85,67672.23,107569.0585000012
1703325600,95.85,96.12,95.59,95.59,57652.82,103547.21600000121
1703327400,95.59,95.65,95.19,95.46,62463.89,97977.82650000122
1703329200,95.46,95.57,94.71,95.09,86290.95,93321.96450000121
1703331000,95.08,96,94.73,95.87,99892.58,87037.20950000122
1703332800,95.87,96.25,95.68,96.09,106470.91,86315.92650000121
1703334600,96.1,97.3,96.02,96.97,271666.26,93591.90700000121
1703336400,96.97,97.1,96.21,96.47,84283.14,93812.10550000121
1703338200,96.48,96.48,95.61,96.1,87439.06,93251.23450000121
1703340000,96.1,96.44,95.57,95.63,50950.34,87937.84350000123
1703341800,95.62,96.22,95.28,96.19,105057.59,90154.54100000123
1703343600,96.18,96.25,95.62,95.82,89042.26,91567.64250000124
1703345400,95.82,97.15,95.74,96.77,118576.61,93844.13200000123
1703347200,96.77,97.01,96.12,96.64,77342.1,94108.22650000124
1703349000,96.64,97.83,96.54,97.46,155292.06,97285.63100000125
1703350800,97.47,98.1,97,97.05,314425.97,107811.35750000125
1703352600,97.06,98.44,97.05,98.22,170825.46,112283.16800000126
1703354400,98.23,98.41,97.76,98.11,122816.76,113661.36250000124
1703356200,98.11,103.82,98.11,102.84,956560.86,158289.37800000125
1703358000,102.85,103.36,100.93,102.63,454347.45,176953.46500000125
1703359800,102.62,103.03,101.41,102.88,217152.28,184427.46750000125
1703361600,102.87,103.74,102.72,102.92,262938.05,194691.72900000124
1703363400,102.92,103.35,102.54,102.8,164795.32,199808.30050000123
1703365200,102.79,102.81,101.46,102.35,199214.1,205454.4580000012
1703367000,102.36,103.18,102.23,102.76,143854.27,207652.5425000012
1703368800,102.77,109.13,102.43,107.74,766697.04,240663.84900000124
1703370600,107.74,110,106.52,108.81,473802.65,250770.66850000125
1703372400,108.81,108.87,107.14,108.28,306751.42,261894.08250000127
1703374200,108.27,108.28,107.1,107.88,178437.23,266443.9910000013
1703376000,107.88,109.8,107.3,108.24,290666.78,278429.81300000136
1703377800,108.24,109.66,107.75,109.37,269663.2,286660.09350000136
1703379600,109.37,113,108.24,111.8,402350.72,302325.51650000137
1703381400,111.8,112.62,110.25,112.07,381601.95,315476.78350000136
1703383200,112.07,114.48,111.62,112.12,451009.04,334160.13050000137
1703385000,112.12,112.57,111.22,112.4,203360.89,336563.5720000014
1703386800,112.4,114.37,112.1,114.03,278421.13,334763.33000000136
1703388600,114.02,117.69,113.36,116.22,459353.72,349189.74300000136
1703390400,116.22,118.1,115.6,115.97,379017.68,361999.7890000014
1703392200,115.96,116.37,113.4,114.87,356963.83,332019.93750000134
1703394000,114.86,115.3,113.76,114.9,208520.56,319728.59300000133
1703395800,114.91,115.42,109.76,113.26,373150.22,327528.4900000013
1703397600,113.26,113.35,109.78,111.7,395731.92,334168.1835000013
1703399400,111.7,112.86,110.82,112.83,219548.53,336905.8440000013
1703401200,112.83,114.47,112.23,114.18,254887.18,339689.4980000013
1703403000,114.17,114.78,113.13,114.51,214368.03,343215.1860000013
1703404800,114.5,114.7,113.54,113.6,163640.59,313062.3635000013
1703406600,113.59,114.35,112.92,113.91,157536.95,297249.07850000134
1703408400,113.91,114.49,112.57,113.65,185796.95,291201.3550000013
1703410200,113.65,114,112.5,112.64,179984.61,291278.7240000013
1703412000,112.65,112.76,107.9,108.68,515424.42,302516.6060000013
1703413800,108.94,110.21,107.58,109.97,479436.86,313005.2890000013
1703415600,109.97,110.77,109.01,110.75,228716.34,304323.57000000135
1703417400,110.74,110.81,109.74,110.34,129631.31,291725.0380000013
1703419200,110.35,110.54,109.05,109.91,164386.36,277393.9040000013
1703421000,109.92,113.51,109.8,112.93,305747.52,282513.23550000135
1703422800,112.92,113.05,111.81,112.43,182777.76,277731.0670000013
1703424600,112.42,112.7,111.37,111.76,143718.53,261949.30750000136
1703426400,111.76,114.39,111.75,114.39,230925.08,254544.6775000014
1703428200,114.38,114.39,112.58,113.61,210935.65,247243.2685000014
1703430000,113.6,114.44,112.62,112.67,197636.29,246699.05500000142
1703431800,112.67,113.93,112.57,113.55,113441.31,233713.60950000142
1703433600,113.56,114.58,112.9,113.66,159112.62,221882.64450000142
1703435400,113.66,116.44,113.42,115.59,348695.34,228339.9850000014
1703437200,115.58,115.91,112.22,113.22,276915.1,229441.3810000014
1703439000,113.22,115.18,112.71,114.44,241375.73,230791.7660000014
1703440800,114.44,115.5,114.16,115.2,133305.94,229275.03350000145
1703442600,115.18,116.8,114.61,116.67,224712.29,232633.80050000144
1703444400,116.67,116.74,115.66,116.02,149437.41,230815.82350000142
1703446200,116.02,116.26,114.72,115.16,141126.39,228872.9125000014
1703448000,115.15,115.5,114.06,114.44,137839.79,209993.6810000014
1703449800,114.46,114.69,110.66,112.12,448215.76,208432.62600000142
1703451600,112.13,113.44,111.91,113.07,168541.55,205423.88650000142
1703453400,113.06,113.75,112.45,113.47,118767.91,204880.71650000144
1703455200,113.47,114.28,110.03,112.96,320949.79,212708.88800000143
1703457000,112.97,113.5,109.51,111.96,310317.61,212937.3925000014
1703458800,111.98,113.1,111.4,112.78,238168.41,215706.92500000144
1703460600,112.78,113.08,112.06,112.45,114997.5,214270.87350000144
1703462400,112.45,113.07,110.53,110.92,171224.85,211285.86200000142
1703464200,110.92,111.08,107.92,109.22,360524.86,218765.3225000014
1703466000,109.21,112.62,109.21,111.64,244260.73,221096.54450000142
1703467800,111.64,111.64,109.6,109.66,165888.45,223718.90150000146
1703469600,109.65,110.87,109.13,109.43,117472.34,221636.88750000144
1703471400,109.42,111,108.93,110.6,122361.73,210320.20700000148
1703473200,110.6,112.08,110.08,111.6,148217.23,203885.31350000147
1703475000,111.61,112.34,111.36,112.03,118562.97,197744.67550000147
1703476800,112.03,112.84,111.58,112.03,110899.7,196624.3635000015
1703478600,112.04,112.41,111.57,111.8,83118.45,189544.6715000015
1703480400,111.8,113.42,111.78,113.05,174825.52,190814.0770000015
1703482200,113.06,113.44,112.7,113.2,95783.38,188546.9265000015
1703484000,113.2,114.46,112.89,113.99,144096.46,188859.76000000146
1703485800,113.99,114.22,112.99,113.44,130268.97,172962.42050000146
1703487600,113.44,113.44,112.01,112.63,142571.93,171663.9395000015
1703489400,112.63,113.54,112.5,112.93,108598.44,171155.46600000147
1703491200,112.94,113.65,112.59,112.92,122688.16,161242.3845000015
1703493000,112.92,113,110.75,110.84,181843.21,154818.6645000015
1703494800,110.84,111.57,109.67,110.31,217777.34,153799.1110000015
1703496600,110.31,111.1,109.91,110.7,98939.9,152996.23100000148
1703498400,110.71,111.8,110.6,111.56,96682.3,149269.10350000145
1703500200,111.58,111.79,111,111.35,60379.57,134261.83900000146
1703502000,111.35,112.06,110.59,112,88002.85,126448.94500000146
1703503800,111.99,112.56,111.45,111.75,111565.05,123732.77500000145
1703505600,111.75,111.78,110.2,110.7,119377.95,123828.05550000146
1703507400,110.7,114.41,110.63,114.07,274526.12,131436.27500000148
1703509200,114.07,115.98,114.05,115.1,419499.82,145000.40450000146
1703511000,115.1,115.16,113.73,114.67,154023.48,146773.43000000145
1703512800,114.68,115.66,113.81,115.31,204775.38,151467.21400000143
1703514600,115.32,119.2,115,119.09,483927.37,171507.66000000143
1703516400,119.09,120,117.91,119.45,668464.79,196189.62350000144
1703518200,119.45,124.3,119.34,123.15,811703.84,231985.64650000143
1703520000,123.15,124.62,122,123.15,517877.52,250674.6995000014
1703521800,123.16,123.75,120.5,122.27,447259.47,266524.2245000014
1703523600,122.25,123.83,121.94,123.36,222025.27,270496.8915000014
1703525400,123.35,124.29,122.86,123.7,221424.64,276138.20150000136
1703527200,123.71,126.36,122.36,123.36,537548.48,296881.21750000137
1703529000,123.36,124.48,121.93,122.77,322930.38,303935.5760000014
1703530800,122.77,123.46,122.2,122.89,137539.04,299923.66100000136
1703532600,122.86,123,121.2,121.26,196491.32,304801.23200000136
1703534400,121.26,121.59,119.05,119.47,327915.71,316362.90250000136
1703536200,119.48,123.99,116.42,119.72,490385.44,337863.1960000014
1703538000,119.72,119.86,117.12,118.95,260027.4,346464.42350000143
1703539800,118.97,119.87,118.2,119.58,172306.35,349501.48850000143
1703541600,119.59,120.88,118.72,119.68,235262.33,355295.7075000014
1703543400,119.68,120.6,119.06,119.74,155544.56,349346.6295000014
1703545200,119.73,121.55,119.01,120.94,159284.85,336335.88100000133
1703547000,120.93,121.82,120.47,120.91,157822.02,336525.8080000013
1703548800,120.91,121.36,119.96,120.21,151714.75,333872.7765000013
1703550600,120.21,120.84,118.26,119.08,191792.52,319266.03400000127
1703552400,119.07,120.66,118.95,120.47,127870.36,292236.3125000013
1703554200,120.44,120.94,118.83,119.48,121333.95,257717.8180000013
1703556000,119.48,119.79,118.3,118.53,114292.77,237538.58050000126
1703557800,118.52,119.41,117.25,117.27,220962.47,226223.7305000013
1703559600,117.26,118.74,116.69,118.6,151064.51,222675.69250000129
1703561400,118.6,119.42,117.76,119.37,113429.92,217275.9565000013
1703563200,119.37,120.69,119.1,120.6,153028.98,198049.9815000013
1703565000,120.59,120.64,119.62,120.44,118517.65,187829.3450000013
1703566800,120.43,120.65,118.15,118.22,163635.47,189134.1665000013
1703568600,118.21,118.54,113.6,114.87,543363.53,206477.7770000013
1703570400,114.88,116.14,113.22,113.94,387993.79,209481.68100000132
1703572200,113.93,114.95,111.1,111.9,476118.82,208768.35000000132
1703574000,111.9,114.09,110.67,114.02,361522.55,213843.10750000132
1703575800,114.02,114.81,112.72,113.4,252565.43,217856.06150000132
1703577600,113.41,113.85,111.15,111.84,290014.72,220593.68100000132
1703579400,111.83,114.16,111.73,113.79,245202.49,225076.57750000135
1703581200,113.79,114.54,113.17,113.66,180566.02,226140.63600000134
1703583000,113.65,114.61,112.02,113.18,255503.79,231024.72450000135
1703584800,113.18,114.86,112.96,114.78,206863.93,233782.18350000135
1703586600,114.79,115.85,114.31,115,222188.89,235302.00200000135
1703588400,114.99,115.11,113.98,114.26,130476.11,235432.28950000135
1703590200,114.27,115.39,114.1,114.8,152118.22,236971.50300000134
1703592000,114.81,115.11,113.76,114.56,146306.48,238572.1885000014
1703593800,114.56,116.7,114.34,116.69,299552.31,242501.68050000136
1703595600,116.69,117.16,115.01,115.4,259199.26,247908.41800000137
1703597400,115.4,116.09,114.64,115.6,164757.36,250474.79000000138
1703599200,115.59,115.69,113,114.81,293086.37,257477.65950000138
1703601000,114.81,114.85,112.63,113.21,174245.51,260264.05250000133
1703602800,113.22,113.37,111.55,112.52,285560.13,266360.28550000134
1703604600,112.52,113.75,110.27,110.51,338037.61,256093.98950000136
1703606400,110.52,112,109.81,111.86,413927.73,257390.68650000132
1703608200,111.87,112.91,111.5,111.95,195090.76,243339.2835000013
1703610000,111.95,112.18,108.11,108.82,386081.13,244567.2125000013
1703611800,108.8,109.04,102.09,106.54,1099454.62,286911.6720000013
1703613600,106.55,107.88,104.93,105.19,456204.77,295221.1745000013
1703615400,105.18,107.65,104.16,107.57,369642.63,301443.1815000013
1703617200,107.57,107.9,106.55,107.66,263115.52,305570.6565000013
1703619000,107.64,107.9,106.11,106.65,151862.59,300388.5965000013
1703620800,106.66,108.21,106.16,107.02,196697.87,299880.29350000137
1703622600,107.01,107.96,106.79,107.2,151347.41,296338.2195000014
1703624400,107.21,109.88,106.86,109.83,250356.75,302332.25150000135
1703626200,109.84,110,108.23,109.67,272115.23,308332.10200000135
1703628000,109.67,111.53,109,111.29,291519.62,315592.75900000136
1703629800,111.28,111.88,110.72,111.66,174767.55,309353.52100000135
1703631600,111.67,112.05,110.32,110.54,149194.33,303853.27450000134
1703633400,110.54,113.07,110.47,112.49,185830.2,304906.91650000133
1703635200,112.48,113.6,111.51,111.99,225265.38,301515.86700000137
1703637000,111.97,112.2,109.86,110.07,207821.6,303194.67150000134
1703638800,110.07,112,109.92,111.04,174563.55,297644.8425000013
1703640600,111.04,112.14,110.72,111.17,87016.42,285093.78300000133
1703642400,111.18,111.27,108.62,109.22,148986.41,271846.7170000013
1703644200,109.23,110,108.54,109.46,132081.81,268696.2695000013
1703646000,109.46,110.45,107.84,108.53,122725.36,255528.4810000013
1703647800,108.54,110.18,107.87,108.53,219450.41,211528.27050000132
1703649600,108.51,110.48,108.38,110.05,132811.82,195358.6230000013
1703651400,110.04,110.82,109.56,110.51,102529.49,182002.96600000132
1703653200,110.5,111.48,110.15,110.17,137514.51,175722.91550000134
1703655000,110.17,111.7,110,111.43,106392.63,173449.41750000132
1703656800,111.43,112.31,110.96,112.11,131341.65,170181.60650000133
1703658600,112.11,112.75,111.51,111.74,138278.34,169528.1530000013
1703660400,111.75,112.04,110.9,111.34,134842.34,163752.4325000013
1703662200,111.33,112.42,111.28,111.36,88748.87,154584.1145000013
1703664000,111.37,112.5,110.93,112.45,117702.75,145893.2710000013
1703665800,112.45,113.63,112.33,112.74,253310.31,149820.40900000132
1703667600,112.74,113.04,111.89,112.1,107530.69,147737.2270000013
1703669400,112.11,112.27,111.12,111.21,142675.75,145579.5045000013
1703671200,111.22,113.11,111,112.93,130656.18,140849.0445000013
1703673000,112.92,115,112.32,114.98,258904.77,143403.20300000132
1703674800,114.97,115.3,113.52,113.58,221741.15,145762.08300000132
1703676600,113.58,113.69,112.28,112.78,154355.51,149129.03750000132
1703678400,112.78,113.24,112.05,112.6,127759.45,148067.68950000132
1703680200,112.61,112.92,111.5,112.08,138640.93,148395.64550000132
1703682000,112.07,113.03,111.42,112.91,140229.71,149270.86300000132
1703683800,112.91,113.12,111.17,111.23,175670.6,147081.8725000013
1703685600,111.24,111.83,106.87,107.25,677925.29,174337.5460000013
1703687400,107.24,109.49,107.15,108.07,345410.04,186481.5735000013
1703689200,108.07,108.56,106.27,107.06,309958.22,195103.7590000013
1703691000,107.06,109.17,106.69,107.8,262736.06,202920.9305000013
1703692800,107.79,108.17,105,106.45,321414.74,212424.5850000013
1703694600,106.44,107.44,104.58,105.43,427712.24,226896.28000000134
1703696400,105.42,106.79,105.04,106.05,260042.51,233156.28850000133
1703698200,106.05,108.52,106,108.13,272383.25,242338.00750000132
1703700000,108.15,109.69,107.21,108.43,322103.85,252558.0625000013
1703701800,108.43,110.67,108.08,110.1,264186.87,253101.89050000132
1703703600,110.1,110.16,108.62,109.47,152986.75,255374.6935000013
1703705400,109.48,109.49,108.02,109.02,125683.65,254525.08850000132
1703707200,109.03,109.38,108.37,109.14,73859.2,251685.23950000136
1703709000,109.14,111,108.5,110,177574.04,247618.70300000138
1703710800,110,110.22,108.64,109.2,96265.1,241344.90050000133
1703712600,109.23,109.46,108.57,109.04,90923.89,238173.31950000132
1703714400,109.03,109.72,107.58,107.99,166602.88,240115.49100000132
1703716200,107.98,108.47,106.45,107.21,171497.23,241758.30600000135
1703718000,107.23,107.92,107.07,107.48,100407.07,239767.17400000137
1703719800,107.47,107.73,106.65,106.91,93272.35,235647.26150000136
1703721600,106.92,109.43,106.46,109.23,198931.08,211697.55100000137
1703723400,109.23,109.66,106.75,107.1,214692.7,205161.68400000138
1703725200,107.1,107.9,105.02,105.41,235860.89,201456.8175000014
1703727000,105.39,105.92,104.5,105.09,280023.25,202321.1770000014
1703728800,105.09,105.34,103.4,103.75,388489.24,205674.9020000014
1703730600,103.76,104.34,103,103.31,195473.6,194062.9700000014
1703732400,103.3,104.73,103.23,104.32,182240.96,190172.89250000138
1703734200,104.32,104.72,103.83,104.49,117709.01,182439.18050000136
1703736000,104.51,105.65,104.11,105.62,139249.69,173296.47250000137
1703737800,105.62,105.66,104,104.6,121338.13,166154.03550000134
1703739600,104.61,105.62,104.15,104.74,181895.01,167599.44850000134
1703741400,104.73,105.63,104.69,105.12,115011.65,167065.84850000133
1703743200,105.12,106.45,104.95,105.9,119890.61,169367.41900000133
1703745000,105.88,106.1,104.16,104.51,154336.64,168205.54900000134
1703746800,104.51,104.97,102.2,103.3,256316.43,176208.11550000132
1703748600,103.3,106.39,102.74,105.85,252575.72,184290.70700000133
1703750400,105.84,105.91,104.66,105.41,162229.25,184072.02550000133
1703752200,105.4,105.93,104.71,104.81,137270.42,182360.68500000134
1703754000,104.81,105.11,103.16,103.45,217500.62,188215.36250000136
1703755800,103.46,105.57,103.28,104.35,147617.43,190932.61650000134
1703757600,104.35,106.12,103.89,105.47,167731.21,189372.62300000136
1703759400,105.47,106.15,104.95,105.15,111010.64,184188.52000000136
1703761200,105.15,105.79,104.44,105.28,122525.58,178521.75450000135
1703763000,105.28,105.86,104.61,104.86,96870.9,169364.13700000133
1703764800,104.85,105.09,103.43,103.56,142561.77,157067.76350000134
1703766600,103.56,103.61,100.52,101.11,450219.83,169805.07500000135
1703768400,101.1,102.43,100.58,101.95,294601.79,175423.11650000134
1703770200,101.95,102,99,101.03,508277.37,194951.53450000138
1703772000,101.04,101.39,97.69,99.32,675958.71,221786.98550000135
1703773800,99.33,99.97,97.14,99.25,477273.57,239583.75750000137
1703775600,99.24,100.4,98.9,99.12,304911.61,245734.5875000014
1703777400,99.13,100.8,99,99.71,242970.62,252132.5360000014
1703779200,99.7,100.42,98.79,99.37,226570.85,257466.54800000135
1703781000,99.36,99.98,98.37,98.88,205476.68,260023.55000000136
1703782800,98.89,100.63,98.64,99.94,193971.53,256906.3050000014
1703784600,99.94,100.75,99.21,99.93,165963.82,252575.71000000142
1703786400,99.92,100.38,98.5,100.14,208333.75,254880.9350000014
1703788200,100.14,100.54,99.01,99.21,114452.18,253740.02300000138
1703790000,99.2,101.06,99,100.91,156363.96,250683.1900000014
1703791800,100.9,101.65,100.59,101.1,143572.78,250480.95750000142
1703793600,101.1,101.28,99.58,99.8,165384.31,250363.61250000139
1703795400,99.79,100.32,98.81,100.05,176307.91,253628.47600000142
1703797200,100.04,101.5,99.66,101.34,133170.93,254160.7435000014
1703799000,101.34,101.57,99.91,100.55,149481.84,256791.29050000137
1703800800,100.55,101.29,100.11,101.08,193649.48,259345.67600000143
1703802600,101.09,103.97,100.96,103.75,249510.96,249310.2325000014
1703804400,103.74,103.91,102.35,102.81,189425.72,244051.4290000014
1703806200,102.81,103.08,101.75,101.8,108998.39,224087.48000000138
1703808000,101.8,102.62,100.6,100.92,163136.43,198446.36600000138
1703809800,100.92,101.41,99,100.05,231429.52,186154.1635000014
1703811600,100.04,102.16,99.49,102.14,268392.93,184328.2295000014
1703813400,102.12,104.36,102.1,102.78,387144.66,191536.9315000014
1703815200,102.77,105,102.43,104.68,236823.71,192049.5745000014
1703817000,104.68,105.49,103.53,104.61,235734.34,193562.4575000014
1703818800,104.62,105.6,104.13,105.03,172152.27,192471.4945000014
1703820600,105.03,105.91,104.58,104.89,173470.85,192846.84600000142
1703822400,104.91,105.83,104.02,104.32,159155.18,190387.91750000144
1703824200,104.32,105.64,104.17,105.17,123514.24,190841.02050000144
1703826000,105.16,105.53,104.42,105.28,85682.78,187306.96150000143
1703827800,105.28,106.8,105.25,106.33,202277.44,190242.19450000144
1703829600,106.33,107.48,106.03,107.31,165386.15,190242.2865000014
1703831400,107.32,108.59,106.91,108.17,260774.77,194465.6295000014
1703833200,108.18,108.24,106.6,106.78,191361.59,197375.1625000014
1703835000,106.79,107.03,104.8,105.12,264531.87,203127.66400000142
1703836800,105.13,107.34,104.98,107.18,246723.07,205781.3435000014
1703838600,107.17,108.76,106.99,108.43,304219.96,208516.7935000014
1703840400,108.45,109.4,107.2,109.14,292326.73,213661.84400000138
1703842200,109.14,110,108.49,108.89,373245.61,226874.20500000138
1703844000,108.89,109.08,108.06,108.34,157662.23,226600.49500000142
1703845800,108.34,108.84,107.53,107.83,122470.86,221152.56200000146
1703847600,107.84,108.75,107.3,107.57,164649.97,215965.41400000144
1703849400,107.57,108.05,107.19,107.56,103355.33,201775.94750000146
1703851200,107.56,107.79,106.88,107.68,112206.99,195545.11150000145
1703853000,107.68,107.8,106.38,107.18,148368.49,191176.81900000147
1703854800,107.17,107.45,106.15,106.55,146552.96,189896.85350000148
1703856600,106.56,108.32,106.49,107.92,212533.27,191849.97450000147
1703858400,107.92,109.5,107.92,108.42,211334.86,194458.95850000146
1703860200,108.42,109.77,108.03,109.21,203184.81,198442.48700000145
1703862000,109.22,109.31,107.96,108.54,250512.01,206683.94850000148
1703863800,108.55,108.72,104.25,105.98,380021.29,215571.14100000146
1703865600,105.98,107.96,104.96,105.89,432707.76,228937.22150000147
1703867400,105.9,106.55,103.5,103.8,262867.81,229041.87350000147
1703869200,103.8,105.14,102.28,104.66,504762.27,244711.90750000151
1703871000,104.65,104.97,102.62,103.71,216397.04,242305.1660000015
1703872800,103.71,106.11,103.45,105.21,193848.03,239661.4140000015
1703874600,105.2,106.25,105.14,105.47,134020.73,231151.45250000153
1703876400,105.48,106.17,104.71,105.74,95688.21,221319.5265000015
1703878200,105.74,106.67,105.42,105.84,104372.15,207875.8535000015
1703880000,105.84,106.12,104.96,105.06,77173.11,203851.3975000015
1703881800,105.06,105.36,104.3,104.82,94067.82,202431.2455000015
1703883600,104.83,105.88,103.78,104.14,105531.51,199475.32250000146
1703885400,104.14,104.47,103.53,104.3,95224.03,199068.75750000146
1703887200,104.3,105.18,102.7,104.97,134836.36,200200.22600000145
1703889000,104.97,105.58,104.62,104.98,85251.71,197044.38700000144
1703890800,104.99,105.51,104.84,105.38,62780.44,192855.76100000145
1703892600,105.38,106.34,105.3,106.17,81346.62,186296.42850000146
1703894400,106.17,106.6,105.51,106.14,101623.08,180810.83950000146
1703896200,106.15,106.72,105.6,105.83,64152.73,173859.23550000146
1703898000,105.82,107.47,105.15,106.91,117556.7,167211.47000000146
1703899800,106.91,107.18,106.17,106.38,69228.61,151671.83600000147
1703901600,106.38,106.38,105.65,105.83,69378.45,133505.37050000145
1703903400,105.85,106.22,104.61,104.81,95327.28,125128.34400000144
1703905200,104.82,105.27,103,103.13,137285.58,106754.50950000144
1703907000,103.12,103.67,102.9,103.55,89067.13,100388.01400000144
1703908800,103.56,104.41,103.23,103.88,98076.8,95599.45250000144
1703910600,103.89,104.36,103.4,104.15,58644.18,91830.62500000143
1703912400,104.14,105.01,103.67,103.75,138519.5,93972.18950000143
1703914200,103.75,104.87,103.63,104.67,67929.06,92150.03500000144
1703916000,104.67,104.85,104.1,104.54,55398.45,91061.30200000144
1703917800,104.55,104.82,104.13,104.53,44550.51,88585.43650000144
1703919600,104.53,104.84,103.69,103.94,58965.42,86257.13200000142
1703921400,103.93,104.36,103.14,103.44,82026.7,85597.26550000142
1703923200,103.45,103.47,101.68,101.97,183539.68,88032.43150000143
1703925000,101.96,102.84,101.11,101.33,153007.98,91420.24500000142
1703926800,101.34,102.02,100.88,101.58,153461.8,95954.31300000144
1703928600,101.58,101.97,100.62,101.65,132102.3,98492.09700000143
1703930400,101.65,102.29,101.49,101.83,88353.13,97828.59950000144
1703932200,101.82,102.35,101.76,101.99,61484.3,97695.17800000144
1703934000,102,102.46,101.99,102.24,58574.79,94746.08250000144
1703935800,102.24,102.36,101.74,102.16,65400.82,94554.69300000144
1703937600,102.15,103.34,102.06,103.33,102161.31,96193.83600000144
1703939400,103.34,103.7,102.73,102.91,88454.14,95850.17900000143
1703941200,102.9,103.39,102.39,102.9,59587.91,91965.29550000143
1703943000,102.9,103.37,102.45,102.87,75341.6,91279.01900000144
1703944800,102.87,104.23,102.86,103.67,134091.68,93079.76300000143
1703946600,103.68,104.19,103.45,103.89,74927.81,93893.94450000144
1703948400,103.87,104.2,102.53,102.79,105530.49,92244.49400000143
1703950200,102.8,104.37,102.54,104.26,124217.63,95058.92250000143
1703952000,104.27,104.97,103.58,103.95,211855.99,102881.79950000143
1703953800,103.95,104.13,102.83,103.41,96800.88,105494.31800000144
1703955600,103.41,103.79,102.6,103.61,87202.43,106906.16850000145
1703957400,103.61,103.86,103.42,103.6,71089.54,106359.31050000145
1703959200,103.6,103.72,103.02,103.12,80939.28,101229.29050000144
1703961000,103.13,103.46,102.75,103.22,47032.73,95930.52800000145
1703962800,103.21,103.98,102.81,103.77,57139.91,91114.43350000144
1703964600,103.77,104.04,103.13,103.26,57696.14,87394.12550000144
1703966400,103.24,104.07,103.21,103.99,44505.79,85201.75850000144
1703968200,103.98,104.31,103.26,103.3,60179.05,85136.49600000144
1703970000,103.31,103.7,102.69,103.03,50042.14000000001,84709.86350000143
1703971800,103.04,103.11,101.87,102.45,70610.41,84970.34300000142